controller,time,psi,u
Uncontrolled,0.1,1.0148708577023404,0.0
Uncontrolled,0.2,1.0235229463327482,0.0
Uncontrolled,0.30000000000000004,1.0264580003485408,0.0
Uncontrolled,0.4,1.0243579645258474,0.0
Uncontrolled,0.5,1.0166909655081113,0.0
Uncontrolled,0.6,1.0041344616219743,0.0
Uncontrolled,0.7,0.987023578787949,0.0
Uncontrolled,0.7999999999999999,0.9650753549373692,0.0
Uncontrolled,0.8999999999999999,0.9383056823453902,0.0
Uncontrolled,0.9999999999999999,0.9077445153900683,0.0
Uncontrolled,1.0999999999999999,0.8740580857182232,0.0
Uncontrolled,1.2,0.8366884676926686,0.0
Uncontrolled,1.3,0.7960896618775195,0.0
Uncontrolled,1.4000000000000001,0.7535512078077287,0.0
Uncontrolled,1.5000000000000002,0.7082417064380687,0.0
Uncontrolled,1.6000000000000003,0.6604932032457819,0.0
Uncontrolled,1.7000000000000004,0.6120767487991841,0.0
Uncontrolled,1.8000000000000005,0.5612868629455514,0.0
Uncontrolled,1.9000000000000006,0.5096124722729467,0.0
Uncontrolled,2.0000000000000004,0.4559384267005797,0.0
Uncontrolled,2.1000000000000005,0.401296428987838,0.0
Uncontrolled,2.2000000000000006,0.34703904950278036,0.0
Uncontrolled,2.3000000000000007,0.29328491436129883,0.0
Uncontrolled,2.400000000000001,0.23922641862705757,0.0
Uncontrolled,2.500000000000001,0.18536669630664596,0.0
Uncontrolled,2.600000000000001,0.13223604869551878,0.0
Uncontrolled,2.700000000000001,0.07940908862038559,0.0
Uncontrolled,2.800000000000001,0.028046001906934966,0.0
Uncontrolled,2.9000000000000012,-0.020802633568611707,0.0
Uncontrolled,3.0000000000000013,-0.06875941755882456,0.0
Uncontrolled,3.1000000000000014,-0.11592446748131355,0.0
Uncontrolled,3.2000000000000015,-0.16095082169593075,0.0
Uncontrolled,3.3000000000000016,-0.20388119283117206,0.0
Uncontrolled,3.4000000000000017,-0.24360208190224053,0.0
Uncontrolled,3.5000000000000018,-0.28099351498119424,0.0
Uncontrolled,3.600000000000002,-0.3158835673496977,0.0
Uncontrolled,3.700000000000002,-0.3482429372551982,0.0
Uncontrolled,3.800000000000002,-0.3783856144964319,0.0
Uncontrolled,3.900000000000002,-0.40539556835593366,0.0
Uncontrolled,4.000000000000002,-0.43023028699010674,0.0
Uncontrolled,4.100000000000001,-0.45158556756118484,0.0
Uncontrolled,4.200000000000001,-0.4700380737875736,0.0
Uncontrolled,4.300000000000001,-0.48533499943004366,0.0
Uncontrolled,4.4,-0.4980227246546497,0.0
Uncontrolled,4.5,-0.5082998013331611,0.0
Uncontrolled,4.6,-0.5148269350244307,0.0
Uncontrolled,4.699999999999999,-0.5183498451387136,0.0
Uncontrolled,4.799999999999999,-0.5185718171341919,0.0
Uncontrolled,4.899999999999999,-0.5161007094352349,0.0
Uncontrolled,4.999999999999998,-0.5098174276564424,0.0
Uncontrolled,5.099999999999998,-0.5009948071685494,0.0
Uncontrolled,5.1999999999999975,-0.4904467936617185,0.0
Uncontrolled,5.299999999999997,-0.4773787320433069,0.0
Uncontrolled,5.399999999999997,-0.46210316905530224,0.0
Uncontrolled,5.4999999999999964,-0.4461359320984075,0.0
Uncontrolled,5.599999999999996,-0.4284749847042582,0.0
Uncontrolled,5.699999999999996,-0.4087113912978201,0.0
Uncontrolled,5.799999999999995,-0.38709656621702765,0.0
Uncontrolled,5.899999999999995,-0.3643644207617303,0.0
Uncontrolled,5.999999999999995,-0.34109872967380683,0.0
Uncontrolled,6.099999999999994,-0.31657986889549833,0.0
Uncontrolled,6.199999999999994,-0.29178658856898093,0.0
Uncontrolled,6.299999999999994,-0.26561583437820896,0.0
Uncontrolled,6.399999999999993,-0.23905525741456743,0.0
Uncontrolled,6.499999999999993,-0.2125586309744994,0.0
Uncontrolled,6.5999999999999925,-0.18607794313275774,0.0
Uncontrolled,6.699999999999992,-0.15986673061713708,0.0
Uncontrolled,6.799999999999992,-0.13392287948014148,0.0
Uncontrolled,6.8999999999999915,-0.10845592153175707,0.0
Uncontrolled,6.999999999999991,-0.08340019697584894,0.0
Uncontrolled,7.099999999999991,-0.05855965832212055,0.0
Uncontrolled,7.19999999999999,-0.03387309299999499,0.0
Uncontrolled,7.29999999999999,-0.010312880809797028,0.0
Uncontrolled,7.39999999999999,0.012116320448960993,0.0
Uncontrolled,7.499999999999989,0.03359748781306074,0.0
Uncontrolled,7.599999999999989,0.054298105513567965,0.0
Uncontrolled,7.699999999999989,0.07415507884135664,0.0
Uncontrolled,7.799999999999988,0.09202357681067015,0.0
Uncontrolled,7.899999999999988,0.10974791563219778,0.0
Uncontrolled,7.999999999999988,0.12594668770174244,0.0
Uncontrolled,8.099999999999987,0.14193825760150733,0.0
Uncontrolled,8.199999999999987,0.15606426160756837,0.0
Uncontrolled,8.299999999999986,0.16850407835985295,0.0
Uncontrolled,8.399999999999986,0.17960246274037725,0.0
Uncontrolled,8.499999999999986,0.1893585457191315,0.0
Uncontrolled,8.599999999999985,0.19748936431866182,0.0
Uncontrolled,8.699999999999985,0.2047562591342329,0.0
Uncontrolled,8.799999999999985,0.2098803487528039,0.0
Uncontrolled,8.899999999999984,0.21432884280395625,0.0
Uncontrolled,8.999999999999984,0.21716325132100492,0.0
Uncontrolled,9.099999999999984,0.21945261115319986,0.0
Uncontrolled,9.199999999999983,0.2203716698265733,0.0
Uncontrolled,9.299999999999983,0.21946177011470128,0.0
Uncontrolled,9.399999999999983,0.21770641589280748,0.0
Uncontrolled,9.499999999999982,0.2160302757218637,0.0
Uncontrolled,9.599999999999982,0.21329804488631382,0.0
Uncontrolled,9.699999999999982,0.20963703321903926,0.0
Uncontrolled,9.799999999999981,0.20483797969209977,0.0
Uncontrolled,9.89999999999998,0.1987204437549688,0.0
Uncontrolled,9.99999999999998,0.19141716845041035,0.0
Uncontrolled,10.09999999999998,0.18271554745906912,0.0
Uncontrolled,10.19999999999998,0.172656881524512,0.0
Uncontrolled,10.29999999999998,0.16207216016886586,0.0
Uncontrolled,10.399999999999979,0.15180466536739712,0.0
Uncontrolled,10.499999999999979,0.1413477198989817,0.0
Uncontrolled,10.599999999999978,0.13073463810134134,0.0
Uncontrolled,10.699999999999978,0.11991057666495025,0.0
Uncontrolled,10.799999999999978,0.10837961444831495,0.0
Uncontrolled,10.899999999999977,0.09674533961624987,0.0
Uncontrolled,10.999999999999977,0.084765575820613,0.0
Uncontrolled,11.099999999999977,0.07319015485134132,0.0
Uncontrolled,11.199999999999976,0.062211160776817764,0.0
Uncontrolled,11.299999999999976,0.0518773513229648,0.0
Uncontrolled,11.399999999999975,0.041777292319872525,0.0
Uncontrolled,11.499999999999975,0.03229322666032894,0.0
Uncontrolled,11.599999999999975,0.02260109662287084,0.0
Uncontrolled,11.699999999999974,0.01303758925022124,0.0
Uncontrolled,11.799999999999974,0.003590369124040805,0.0
Uncontrolled,11.899999999999974,-0.006042889592310568,0.0
Uncontrolled,11.999999999999973,-0.01586906553595762,0.0
Uncontrolled,12.099999999999973,-0.025763592155590286,0.0
Uncontrolled,12.199999999999973,-0.03546126794228142,0.0
Uncontrolled,12.299999999999972,-0.04565219371705662,0.0
Uncontrolled,12.399999999999972,-0.05428705392114127,0.0
Uncontrolled,12.499999999999972,-0.06228957497587012,0.0
Uncontrolled,12.599999999999971,-0.06971686728354759,0.0
Uncontrolled,12.69999999999997,-0.07626250335953175,0.0
Uncontrolled,12.79999999999997,-0.08230797794402052,0.0
Uncontrolled,12.89999999999997,-0.08751573464308081,0.0
Uncontrolled,12.99999999999997,-0.09188824176996842,0.0
Uncontrolled,13.09999999999997,-0.09530160729447443,0.0
Uncontrolled,13.199999999999969,-0.099252421624752,0.0
Uncontrolled,13.299999999999969,-0.10206730745026293,0.0
Uncontrolled,13.399999999999968,-0.10421229642247369,0.0
Uncontrolled,13.499999999999968,-0.10546018649309918,0.0
Uncontrolled,13.599999999999968,-0.1059123645428719,0.0
Uncontrolled,13.699999999999967,-0.10568991740203626,0.0
Uncontrolled,13.799999999999967,-0.10423629527361002,0.0
Uncontrolled,13.899999999999967,-0.10249090477254033,0.0
Uncontrolled,13.999999999999966,-0.10003067441267365,0.0
Uncontrolled,14.099999999999966,-0.0972857910162876,0.0
Uncontrolled,14.199999999999966,-0.0941400632600735,0.0
Uncontrolled,14.299999999999965,-0.08941733166728826,0.0
Uncontrolled,14.399999999999965,-0.08350619018514835,0.0
Uncontrolled,14.499999999999964,-0.07720743487585188,0.0
Uncontrolled,14.599999999999964,-0.07026407366152365,0.0
Uncontrolled,14.699999999999964,-0.063287808773624,0.0
Uncontrolled,14.799999999999963,-0.05715252933148294,0.0
Uncontrolled,14.899999999999963,-0.05064998116455949,0.0
Uncontrolled,14.999999999999963,-0.04423857063219514,0.0
Uncontrolled,15.099999999999962,-0.038407188796634496,0.0
Uncontrolled,15.199999999999962,-0.03371114530227,0.0
Uncontrolled,15.299999999999962,-0.02828594628426697,0.0
Uncontrolled,15.399999999999961,-0.022614227210426593,0.0
Uncontrolled,15.499999999999961,-0.016741299573730807,0.0
Uncontrolled,15.59999999999996,-0.011338741501024152,0.0
Uncontrolled,15.69999999999996,-0.006044476842578944,0.0
Uncontrolled,15.79999999999996,-0.0002049170510441331,0.0
Uncontrolled,15.89999999999996,0.005170656477016404,0.0
Uncontrolled,15.99999999999996,0.010469012074059893,0.0
Uncontrolled,16.09999999999996,0.015050659383673011,0.0
Uncontrolled,16.19999999999996,0.019510677295627474,0.0
Uncontrolled,16.29999999999996,0.02319863329033059,0.0
Uncontrolled,16.399999999999963,0.02640919179587099,0.0
Uncontrolled,16.499999999999964,0.02921439661918534,0.0
Uncontrolled,16.599999999999966,0.032224801193510275,0.0
Uncontrolled,16.699999999999967,0.03518269060841293,0.0
Uncontrolled,16.79999999999997,0.03755205700857464,0.0
Uncontrolled,16.89999999999997,0.03958914516266979,0.0
Uncontrolled,16.99999999999997,0.041337778346293416,0.0
Uncontrolled,17.099999999999973,0.042803324419884284,0.0
Uncontrolled,17.199999999999974,0.04355911249337247,0.0
Uncontrolled,17.299999999999976,0.0444638462724152,0.0
Uncontrolled,17.399999999999977,0.04523410465854901,0.0
Uncontrolled,17.49999999999998,0.045831745365675365,0.0
Uncontrolled,17.59999999999998,0.047416925535773216,0.0
Uncontrolled,17.69999999999998,0.04847065451705875,0.0
Uncontrolled,17.799999999999983,0.04958032320691264,0.0
Uncontrolled,17.899999999999984,0.049641226654828056,0.0
Uncontrolled,17.999999999999986,0.05038947349795625,0.0
Uncontrolled,18.099999999999987,0.05039857850999771,0.0
Uncontrolled,18.19999999999999,0.04963655227652538,0.0
Uncontrolled,18.29999999999999,0.048542995550030936,0.0
Uncontrolled,18.39999999999999,0.04675554157029101,0.0
Uncontrolled,18.499999999999993,0.04416496665091259,0.0
Uncontrolled,18.599999999999994,0.04180278728944932,0.0
Uncontrolled,18.699999999999996,0.039629229016927066,0.0
Uncontrolled,18.799999999999997,0.037325860905727426,0.0
Uncontrolled,18.9,0.0347178626646247,0.0
Uncontrolled,19.0,0.032333618840578476,0.0
Uncontrolled,19.1,0.029542212423186873,0.0
Uncontrolled,19.200000000000003,0.02631612701886949,0.0
Uncontrolled,19.300000000000004,0.023514631111876575,0.0
Uncontrolled,19.400000000000006,0.020222657047403385,0.0
Uncontrolled,19.500000000000007,0.016492681028793362,0.0
Uncontrolled,19.60000000000001,0.013051980325568266,0.0
Uncontrolled,19.70000000000001,0.009494122452554514,0.0
Uncontrolled,19.80000000000001,0.005498764765828952,0.0
Uncontrolled,19.900000000000013,0.0015146534240856003,0.0
Uncontrolled,20.000000000000014,-0.002489318563886461,0.0
Uncontrolled,20.100000000000016,-0.006725452813123182,0.0
Uncontrolled,20.200000000000017,-0.010670476591241838,0.0
Uncontrolled,20.30000000000002,-0.014108219628465334,0.0
Uncontrolled,20.40000000000002,-0.01686011371777631,0.0
Uncontrolled,20.50000000000002,-0.02008503849978368,0.0
Uncontrolled,20.600000000000023,-0.023061481704392685,0.0
Uncontrolled,20.700000000000024,-0.025797574855112467,0.0
Uncontrolled,20.800000000000026,-0.029359548005632025,0.0
Uncontrolled,20.900000000000027,-0.03310007823116243,0.0
Uncontrolled,21.00000000000003,-0.03654817473692111,0.0
Uncontrolled,21.10000000000003,-0.040600340542356124,0.0
Uncontrolled,21.20000000000003,-0.04414002889609677,0.0
Uncontrolled,21.300000000000033,-0.046705936530724475,0.0
Uncontrolled,21.400000000000034,-0.049608094431742016,0.0
Uncontrolled,21.500000000000036,-0.051442025548378144,0.0
Uncontrolled,21.600000000000037,-0.05117792795573141,0.0
Uncontrolled,21.70000000000004,-0.05080578621035847,0.0
Uncontrolled,21.80000000000004,-0.05034570011317629,0.0
Uncontrolled,21.90000000000004,-0.049872779835564124,0.0
Uncontrolled,22.000000000000043,-0.05061861491659621,0.0
Uncontrolled,22.100000000000044,-0.051703397290492586,0.0
Uncontrolled,22.200000000000045,-0.05206134874384455,0.0
Uncontrolled,22.300000000000047,-0.05228823509365928,0.0
Uncontrolled,22.40000000000005,-0.05192985237696708,0.0
Uncontrolled,22.50000000000005,-0.05132957553184628,0.0
Uncontrolled,22.60000000000005,-0.05052429128554542,0.0
Uncontrolled,22.700000000000053,-0.04922006639046356,0.0
Uncontrolled,22.800000000000054,-0.04825895570792934,0.0
Uncontrolled,22.900000000000055,-0.046879809328345276,0.0
Uncontrolled,23.000000000000057,-0.045162608922316216,0.0
Uncontrolled,23.10000000000006,-0.04387270223684192,0.0
Uncontrolled,23.20000000000006,-0.04322216181381973,0.0
Uncontrolled,23.30000000000006,-0.0426345361967876,0.0
Uncontrolled,23.400000000000063,-0.04049016890517049,0.0
Uncontrolled,23.500000000000064,-0.03741489670577222,0.0
Uncontrolled,23.600000000000065,-0.03366743981952812,0.0
Uncontrolled,23.700000000000067,-0.030028151675030146,0.0
Uncontrolled,23.800000000000068,-0.026223404168255204,0.0
Uncontrolled,23.90000000000007,-0.02248662222730742,0.0
Uncontrolled,24.00000000000007,-0.018206907217597452,0.0
Uncontrolled,24.100000000000072,-0.013703227174149039,0.0
Uncontrolled,24.200000000000074,-0.010225124090858696,0.0
Uncontrolled,24.300000000000075,-0.006394633165902863,0.0
Uncontrolled,24.400000000000077,-0.002196116705424133,0.0
Uncontrolled,24.500000000000078,0.0016179093987461024,0.0
Uncontrolled,24.60000000000008,0.004934603756700273,0.0
Uncontrolled,24.70000000000008,0.0084070536196166,0.0
Uncontrolled,24.800000000000082,0.011442110047470309,0.0
Uncontrolled,24.900000000000084,0.014471995610893932,0.0
Uncontrolled,25.000000000000085,0.01735540047662923,0.0
Uncontrolled,25.100000000000087,0.01979697964221443,0.0
Uncontrolled,25.200000000000088,0.021486233415892148,0.0
Uncontrolled,25.30000000000009,0.02413192634723472,0.0
Uncontrolled,25.40000000000009,0.026188173103749508,0.0
Uncontrolled,25.500000000000092,0.02817539450921443,0.0
Uncontrolled,25.600000000000094,0.029883519280261926,0.0
Uncontrolled,25.700000000000095,0.031386757265198885,0.0
Uncontrolled,25.800000000000097,0.03191067321606385,0.0
Uncontrolled,25.900000000000098,0.0318171427432901,0.0
Uncontrolled,26.0000000000001,0.030913498036967503,0.0
Uncontrolled,26.1000000000001,0.03046779818804954,0.0
Uncontrolled,26.200000000000102,0.029472855931639896,0.0
Uncontrolled,26.300000000000104,0.027928166816363228,0.0
Uncontrolled,26.400000000000105,0.026736489786535006,0.0
Uncontrolled,26.500000000000107,0.025620984876630965,0.0
Uncontrolled,26.600000000000108,0.025052707400356256,0.0
Uncontrolled,26.70000000000011,0.024661882595369278,0.0
Uncontrolled,26.80000000000011,0.024175459187761546,0.0
Uncontrolled,26.900000000000112,0.02314096473790575,0.0
Uncontrolled,27.000000000000114,0.02278616419774088,0.0
Uncontrolled,27.100000000000115,0.022238735148969586,0.0
Uncontrolled,27.200000000000117,0.021151050964314518,0.0
Uncontrolled,27.300000000000118,0.019884845417698627,0.0
Uncontrolled,27.40000000000012,0.018457555053510856,0.0
Uncontrolled,27.50000000000012,0.01771053385855695,0.0
Uncontrolled,27.600000000000122,0.018111369233723154,0.0
Uncontrolled,27.700000000000124,0.018286437817184087,0.0
Uncontrolled,27.800000000000125,0.018850535041904055,0.0
Uncontrolled,27.900000000000126,0.018905930129201026,0.0
Uncontrolled,28.000000000000128,0.018740142225414917,0.0
Uncontrolled,28.10000000000013,0.018118968429788225,0.0
Uncontrolled,28.20000000000013,0.017476691721407284,0.0
Uncontrolled,28.300000000000132,0.017066550011169638,0.0
Uncontrolled,28.400000000000134,0.016677313053014484,0.0
Uncontrolled,28.500000000000135,0.01602667210154325,0.0
Uncontrolled,28.600000000000136,0.015287750058418344,0.0
Uncontrolled,28.700000000000138,0.014128384787173293,0.0
Uncontrolled,28.80000000000014,0.0131882154398419,0.0
Uncontrolled,28.90000000000014,0.012013580511328304,0.0
Uncontrolled,29.000000000000142,0.010930927232620626,0.0
Uncontrolled,29.100000000000144,0.010302062468788451,0.0
Uncontrolled,29.200000000000145,0.009332835687515908,0.0
Uncontrolled,29.300000000000146,0.0090848291644018,0.0
Uncontrolled,29.400000000000148,0.007648266063370978,0.0
Uncontrolled,29.50000000000015,0.005899599830454875,0.0
Uncontrolled,29.60000000000015,0.004648893315098064,0.0
Uncontrolled,29.700000000000152,0.003248248843410608,0.0
Uncontrolled,29.800000000000153,0.001372320583463902,0.0
Uncontrolled,29.900000000000155,-0.0007151564946649572,0.0
Uncontrolled,30.000000000000156,-0.00196478565994756,0.0
PID,0.1,1.0148708577023404,0.0
PID,0.2,1.0235229463327482,0.0
PID,0.30000000000000004,1.0264580003485408,0.0
PID,0.4,1.0243579645258474,0.0
PID,0.5,1.0166909655081113,0.0
PID,0.6,1.0041344616219743,0.0
PID,0.7,0.987023578787949,0.0
PID,0.7999999999999999,0.9650753549373692,0.0
PID,0.8999999999999999,0.9383056823453902,0.0
PID,0.9999999999999999,0.9077445153900683,0.0
PID,1.0999999999999999,0.8740580857182232,0.0
PID,1.2,0.8366884676926686,0.0
PID,1.3,0.7960896618775195,0.0
PID,1.4000000000000001,0.7535512078077287,0.0
PID,1.5000000000000002,0.7082417064380687,0.0
PID,1.6000000000000003,0.6604932032457819,0.0
PID,1.7000000000000004,0.6120767487991841,0.0
PID,1.8000000000000005,0.5612868629455514,0.0
PID,1.9000000000000006,0.5096124722729467,0.0
PID,2.0000000000000004,0.4559384267005797,0.0
PID,2.1000000000000005,0.401296428987838,0.0
PID,2.2000000000000006,0.34703904950278036,0.0
PID,2.3000000000000007,0.29328491436129883,0.0
PID,2.400000000000001,0.23922641862705757,0.0
PID,2.500000000000001,0.18536669630664596,0.0
PID,2.600000000000001,0.13223604869551878,0.0
PID,2.700000000000001,0.07940908862038559,0.0
PID,2.800000000000001,0.028046001906934966,0.0
PID,2.9000000000000012,-0.020802633568611707,0.0
PID,3.0000000000000013,-0.06875941755882456,0.0
PID,3.1000000000000014,-0.11592446748131355,0.0
PID,3.2000000000000015,-0.16095082169593075,0.0
PID,3.3000000000000016,-0.20388119283117206,0.0
PID,3.4000000000000017,-0.24360208190224053,0.0
PID,3.5000000000000018,-0.28099351498119424,0.0
PID,3.600000000000002,-0.3158835673496977,0.0
PID,3.700000000000002,-0.3482429372551982,0.0
PID,3.800000000000002,-0.37815350693790184,0.023210755853002862
PID,3.900000000000002,-0.4044659181927268,0.04735588106953309
PID,4.000000000000002,-0.42797166221964333,0.06570065315361162
PID,4.100000000000001,-0.4472026837461767,0.08464467993581237
PID,4.200000000000001,-0.46265507928512406,0.09614938333081324
PID,4.300000000000001,-0.474014527299439,0.10642852338491543
PID,4.4,-0.48181232628770304,0.11271752976845895
PID,4.5,-0.4862481558247307,0.11790706840667159
PID,4.6,-0.48600859014831244,0.12109478679907915
PID,4.699999999999999,-0.481945922396113,0.11659712042057307
PID,4.799999999999999,-0.4738767374904224,0.11151659843939227
PID,4.899999999999999,-0.4625614906575088,0.10251923380417477
PID,4.999999999999998,-0.44703728920897373,0.0929800803693249
PID,5.099999999999998,-0.4287961313221895,0.07687460114781206
PID,5.1999999999999975,-0.4088460626361653,0.06270672815008099
PID,5.299999999999997,-0.38656804252850124,0.04979686205626491
PID,5.399999999999997,-0.36248565372793795,0.03272195255578417
PID,5.4999999999999964,-0.3383209568243862,0.015292648511194606
PID,5.599999999999996,-0.3132227443001909,0.0024803858158754244
PID,5.699999999999996,-0.28682126491962856,0.0
PID,5.799999999999995,-0.25937714107582654,0.0
PID,5.899999999999995,-0.23162917294611596,0.0
PID,5.999999999999995,-0.2041618101030897,0.0
PID,6.099999999999994,-0.17625201232018506,0.0
PID,6.199999999999994,-0.148871162382086,0.0
PID,6.299999999999994,-0.12090504279901426,0.0
PID,6.399999999999993,-0.09332651536273795,0.0
PID,6.499999999999993,-0.06657112067447332,0.0
PID,6.5999999999999925,-0.0405693651834811,0.0
PID,6.699999999999992,-0.015550259937833752,0.0
PID,6.799999999999992,0.008515664793891209,0.0
PID,6.8999999999999915,0.03144884140779293,0.0
PID,6.999999999999991,0.053347274254555106,0.0
PID,7.099999999999991,0.0744415025942599,0.0
PID,7.19999999999999,0.09482914110720067,0.0
PID,7.29999999999999,0.11357588312195341,0.0
PID,7.39999999999999,0.13071657449087082,0.0
PID,7.499999999999989,0.14647488599161562,0.0
PID,7.599999999999989,0.16105994651377578,0.0
PID,7.699999999999989,0.17445102017356676,0.0
PID,7.799999999999988,0.18554611575826144,0.0
PID,7.899999999999988,0.19623264157197085,0.0
PID,7.999999999999988,0.20517231139423295,0.0
PID,8.099999999999987,0.21372642399567132,0.0
PID,8.199999999999987,0.22027915359038483,0.0
PID,8.299999999999986,0.2250518197037482,0.0
PID,8.399999999999986,0.22843032925779946,0.0
PID,8.499999999999986,0.23045399432228775,0.0
PID,8.599999999999985,0.23087889030196432,0.0
PID,8.699999999999985,0.23050409254636073,0.0
PID,8.799999999999985,0.22808700120383166,0.0
PID,8.899999999999984,0.2251295164604618,0.0
PID,8.999999999999984,0.22072612217854143,0.0
PID,9.099999999999984,0.2159769989414487,0.0
PID,9.199999999999983,0.21008610709867187,0.0
PID,9.299999999999983,0.2026219831997736,0.0
PID,9.399999999999983,0.19459323045103893,0.0
PID,9.499999999999982,0.18694745963626838,0.0
PID,9.599999999999982,0.17857010115663452,0.0
PID,9.699999999999982,0.16960695539324688,0.0
PID,9.799999999999981,0.15986498218220668,0.0
PID,9.89999999999998,0.14917767913904748,0.0
PID,9.99999999999998,0.13768944356472124,0.0
PID,10.09999999999998,0.12519704973613371,0.0
PID,10.19999999999998,0.11174892663806235,0.0
PID,10.29999999999998,0.09818097160823964,0.0
PID,10.399999999999979,0.08533919608562276,0.0
PID,10.499999999999979,0.07271752566410253,0.0
PID,10.599999999999978,0.0603478116331249,0.0
PID,10.699999999999978,0.04817175106273774,0.0
PID,10.799999999999978,0.035688043814137316,0.0
PID,10.899999999999977,0.02349306415423694,0.0
PID,10.999999999999977,0.011335678052909907,0.0
PID,11.099999999999977,-4.488706404272118e-05,0.0
PID,11.199999999999976,-0.010468695752239876,0.0
PID,11.299999999999976,-0.01990057609871094,0.0
PID,11.399999999999975,-0.02876687423053439,0.0
PID,11.499999999999975,-0.03670147101219518,0.0
PID,11.599999999999975,-0.04454564274974435,0.0
PID,11.699999999999974,-0.051980896874619216,0.0
PID,11.799999999999974,-0.05903861891983395,0.0
PID,11.899999999999974,-0.06604091955742922,0.0
PID,11.999999999999973,-0.07301507601485725,0.0
PID,12.099999999999973,-0.07985741368046298,0.0
PID,12.199999999999973,-0.08632399707412361,0.0
PID,12.299999999999972,-0.09312644958200002,0.0
PID,12.399999999999972,-0.09823711943786811,0.0
PID,12.499999999999972,-0.10260142552724327,0.0
PID,12.599999999999971,-0.10629809006577079,0.0
PID,12.69999999999997,-0.10904211109176838,0.0
PID,12.79999999999997,-0.11123612103910901,0.0
PID,12.89999999999997,-0.11256331632466017,0.0
PID,12.99999999999997,-0.11304644097203602,0.0
PID,13.09999999999997,-0.11258131449540529,0.0
PID,13.199999999999969,-0.11268359304857556,0.0
PID,13.299999999999969,-0.1116982433131733,0.0
PID,13.399999999999968,-0.1101088491119837,0.0
PID,13.499999999999968,-0.1077049047409633,0.0
PID,13.599999999999968,-0.10460357979110017,0.0
PID,13.699999999999967,-0.10094077866437663,0.0
PID,13.799999999999967,-0.09617375886332742,0.0
PID,13.899999999999967,-0.09125468530186487,0.0
PID,13.999999999999966,-0.08577216347077048,0.0
PID,14.099999999999966,-0.08016694990200308,0.0
PID,14.199999999999966,-0.07433229608415048,0.0
PID,14.299999999999965,-0.06710034504745552,0.0
PID,14.399999999999965,-0.05886684563782235,0.0
PID,14.499999999999964,-0.05043859986159404,0.0
PID,14.599999999999964,-0.041563477069413206,0.0
PID,14.699999999999964,-0.03285690643395709,0.0
PID,14.799999999999963,-0.025195384928384593,0.0
PID,14.899999999999963,-0.017372167681948138,0.0
PID,14.999999999999963,-0.009846097209869236,0.0
PID,15.099999999999962,-0.003105457599897098,0.0
PID,15.199999999999962,0.0022960572796628578,0.0
PID,15.299999999999962,0.008225527528395818,0.0
PID,15.399999999999961,0.014203832326980914,0.0
PID,15.499999999999961,0.02019005781899204,0.0
PID,15.59999999999996,0.025517858024390962,0.0
PID,15.69999999999996,0.03055532455392059,0.0
PID,15.79999999999996,0.035962791153424795,0.0
PID,15.89999999999996,0.0407383957441933,0.0
PID,15.99999999999996,0.045276942775727635,0.0
PID,16.09999999999996,0.04894753612328853,0.0
PID,16.19999999999996,0.05235434730835426,0.0
PID,16.29999999999996,0.054856474427911674,0.0
PID,16.399999999999963,0.05675848971887284,0.0
PID,16.499999999999964,0.05814266113443032,0.0
PID,16.599999999999966,0.05963002198065487,0.0
PID,16.699999999999967,0.06097353287536442,0.0
PID,16.79999999999997,0.06164799789960406,0.0
PID,16.89999999999997,0.06192055201459966,0.0
PID,16.99999999999997,0.06184593014603707,0.0
PID,17.099999999999973,0.06144037806000859,0.0
PID,17.199999999999974,0.06028801565046539,0.0
PID,17.299999999999976,0.05925819894518221,0.0
PID,17.399999999999977,0.05807797159815605,0.0
PID,17.49999999999998,0.056719421809419204,0.0
PID,17.59999999999998,0.056352658816311026,0.0
PID,17.69999999999998,0.055468324262884026,0.0
PID,17.799999999999983,0.05466308297533763,0.0
PID,17.899999999999984,0.05284110994633265,0.0
PID,17.999999999999986,0.05174696719039053,0.0
PID,18.099999999999987,0.04996216682287161,0.0
PID,18.19999999999999,0.04746223442966135,0.0
PID,18.29999999999999,0.044693780317455425,0.0
PID,18.39999999999999,0.041300921949738244,0.0
PID,18.499999999999993,0.03718037787212465,0.0
PID,18.599999999999994,0.0333690513710672,0.0
PID,18.699999999999996,0.02983198905273051,0.0
PID,18.799999999999997,0.02625500821691185,0.0
PID,18.9,0.022466959896372745,0.0
PID,19.0,0.018999322009114496,0.0
PID,19.1,0.01522369483456455,0.0
PID,19.200000000000003,0.011114507883746688,0.0
PID,19.300000000000004,0.007532411572323918,0.0
PID,19.400000000000006,0.003563166213251535,0.0
PID,19.500000000000007,-0.0007404655069489455,0.0
PID,19.60000000000001,-0.004651446508038075,0.0
PID,19.70000000000001,-0.008576959135811909,0.0
PID,19.80000000000001,-0.012838586526712915,0.0
PID,19.900000000000013,-0.01698929272504374,0.0
PID,20.000000000000014,-0.021062341993160004,0.0
PID,20.100000000000016,-0.025272616086990232,0.0
PID,20.200000000000017,-0.029099819697995254,0.0
PID,20.30000000000002,-0.03233113045758476,0.0
PID,20.40000000000002,-0.03479167068344517,0.0
PID,20.50000000000002,-0.03764432443307714,0.0
PID,20.600000000000023,-0.04017186830661555,0.0
PID,20.700000000000024,-0.042386977173185736,0.0
PID,20.800000000000026,-0.045360648556489816,0.0
PID,20.900000000000027,-0.04845052056506692,0.0
PID,21.00000000000003,-0.05119072638871138,0.0
PID,21.10000000000003,-0.05448302547423665,0.0
PID,21.20000000000003,-0.057216229685005435,0.0
PID,21.300000000000033,-0.05893446669700589,0.0
PID,21.400000000000034,-0.060953241443243586,0.0
PID,21.500000000000036,-0.06187356516468576,0.0
PID,21.600000000000037,-0.06067111070061936,0.0
PID,21.70000000000004,-0.059341296876244905,0.0
PID,21.80000000000004,-0.05790959130910182,0.0
PID,21.90000000000004,-0.05645638068964794,0.0
PID,22.000000000000043,-0.05621841613482315,0.0
PID,22.100000000000044,-0.05632091385584723,0.0
PID,22.200000000000045,-0.05570296161308628,0.0
PID,22.300000000000047,-0.05496501331332528,0.0
PID,22.40000000000005,-0.0536573570954463,0.0
PID,22.50000000000005,-0.052127647430581917,0.0
PID,22.60000000000005,-0.05041682298963611,0.0
PID,22.700000000000053,-0.04823476144722819,0.0
PID,22.800000000000054,-0.04642707574150388,0.0
PID,22.900000000000055,-0.04423591098925755,0.0
PID,23.000000000000057,-0.04174427225344153,0.0
PID,23.10000000000006,-0.03972025207141826,0.0
PID,23.20000000000006,-0.03837838380757067,0.0
PID,23.30000000000006,-0.037144389074969156,0.0
PID,23.400000000000063,-0.034400494476858834,0.0
PID,23.500000000000064,-0.030774129162303713,0.0
PID,23.600000000000065,-0.026525315792074806,0.0
PID,23.700000000000067,-0.02243542247824884,0.0
PID,23.800000000000068,-0.018231551603209648,0.0
PID,23.90000000000007,-0.014147579257870772,0.0
PID,24.00000000000007,-0.009572784770748625,0.0
PID,24.100000000000072,-0.0048260482464446445,0.0
PID,24.200000000000074,-0.0011565662713629225,0.0
PID,24.300000000000075,0.0028142193895330683,0.0
PID,24.400000000000077,0.007102777481096572,0.0
PID,24.500000000000078,0.010957649496486435,0.0
PID,24.60000000000008,0.014267265687834941,0.0
PID,24.70000000000008,0.017686186419488104,0.0
PID,24.800000000000082,0.020622923926017184,0.0
PID,24.900000000000084,0.023511536066363182,0.0
PID,25.000000000000085,0.02621270800943584,0.0
PID,25.100000000000087,0.028433234702374244,0.0
PID,25.200000000000088,0.02986488630228377,0.0
PID,25.30000000000009,0.03221881186063924,0.0
PID,25.40000000000009,0.03395160983778951,0.0
PID,25.500000000000092,0.03558626874360066,0.0
PID,25.600000000000094,0.03691535351881206,0.0
PID,25.700000000000095,0.038015763536595255,0.0
PID,25.800000000000097,0.03811579132796409,0.0
PID,25.900000000000098,0.037580063749919596,0.0
PID,26.0000000000001,0.03621867324645122,0.0
PID,26.1000000000001,0.03530243409825443,0.0
PID,26.200000000000102,0.033826895541993314,0.0
PID,26.300000000000104,0.031794257817808945,0.0
PID,26.400000000000105,0.030109940182333025,0.0
PID,26.500000000000107,0.028499706632971727,0.0
PID,26.600000000000108,0.02743714876764177,0.0
PID,26.70000000000011,0.02655494977843478,0.0
PID,26.80000000000011,0.025582428076218303,0.0
PID,26.900000000000112,0.024069383436149745,0.0
PID,27.000000000000114,0.023245747117987273,0.0
PID,27.100000000000115,0.022241249449957073,0.0
PID,27.200000000000117,0.020710196133115928,0.0
PID,27.300000000000118,0.01901612680243554,0.0
PID,27.40000000000012,0.017178152160781515,0.0
PID,27.50000000000012,0.016039164231148994,0.0
PID,27.600000000000122,0.016068148721813984,0.0
PID,27.700000000000124,0.015892738049868283,0.0
PID,27.800000000000125,0.016128838895680394,0.0
PID,27.900000000000126,0.015879685976167863,0.0
PID,28.000000000000128,0.015433617726541704,0.0
PID,28.10000000000013,0.014557104617944528,0.0
PID,28.20000000000013,0.013684958095041437,0.0
PID,28.300000000000132,0.013070801332849134,0.0
PID,28.400000000000134,0.012503648517689564,0.0
PID,28.500000000000135,0.011701297507600673,0.0
PID,28.600000000000136,0.010836843580586349,0.0
PID,28.700000000000138,0.009577966914357723,0.0
PID,28.80000000000014,0.008564023603256343,0.0
PID,28.90000000000014,0.0073409488890687855,0.0
PID,29.000000000000142,0.006234672176368664,0.0
PID,29.100000000000144,0.005606373956845078,0.0
PID,29.200000000000145,0.004661175166111583,0.0
PID,29.300000000000146,0.004459834096427374,0.0
PID,29.400000000000148,0.0030916614605634245,0.0
PID,29.50000000000015,0.0014321170018732272,0.0
PID,29.60000000000015,0.00029019602165845254,0.0
PID,29.700000000000152,-0.0009831329944740305,0.0
PID,29.800000000000153,-0.002714408353342989,0.0
PID,29.900000000000155,-0.0046411384727423986,0.0
PID,30.000000000000156,-0.005715213178167048,0.0
ENTRO-CORE (Linear),0.1,1.016012140577668,0.11412828753276745
ENTRO-CORE (Linear),0.2,1.0299091794254471,0.4143612242680048
ENTRO-CORE (Linear),0.30000000000000004,1.040045535137544,0.21456311509175374
ENTRO-CORE (Linear),0.4,1.0470099263703116,0.2147102083991208
ENTRO-CORE (Linear),0.5,1.0501702683631058,0.2148106575954964
ENTRO-CORE (Linear),0.6,1.0500866858123028,0.213779706939487
ENTRO-CORE (Linear),0.7,1.0448447755525998,0.0
ENTRO-CORE (Linear),0.7999999999999999,1.0341203491152895,0.0
ENTRO-CORE (Linear),0.8999999999999999,1.0178925350432924,0.0
ENTRO-CORE (Linear),0.9999999999999999,0.9971590365888632,0.0
ENTRO-CORE (Linear),1.0999999999999999,0.9725583727568902,0.0
ENTRO-CORE (Linear),1.2,0.9435094461608181,0.0
ENTRO-CORE (Linear),1.3,0.9104476061399264,0.0
ENTRO-CORE (Linear),1.4000000000000001,0.8746482191692531,0.0
ENTRO-CORE (Linear),1.5000000000000002,0.8352701278289295,0.0
ENTRO-CORE (Linear),1.6000000000000003,0.7926399502581447,0.0
ENTRO-CORE (Linear),1.7000000000000004,0.748527537929342,0.0
ENTRO-CORE (Linear),1.8000000000000005,0.7012303189843199,0.0
ENTRO-CORE (Linear),1.9000000000000006,0.6522440979328735,0.0
ENTRO-CORE (Linear),2.0000000000000004,0.6004644187647306,0.0
ENTRO-CORE (Linear),2.1000000000000005,0.5469373265037654,0.0
ENTRO-CORE (Linear),2.2000000000000006,0.49303320081935126,0.0
ENTRO-CORE (Linear),2.3000000000000007,0.4388917511079111,0.0
ENTRO-CORE (Linear),2.400000000000001,0.38372952605707694,0.0
ENTRO-CORE (Linear),2.500000000000001,0.3280766707624201,0.0
ENTRO-CORE (Linear),2.600000000000001,0.2724931342939962,0.0
ENTRO-CORE (Linear),2.700000000000001,0.21661743631951996,0.003184972022718474
ENTRO-CORE (Linear),2.800000000000001,0.16161103210521094,0.0
ENTRO-CORE (Linear),2.9000000000000012,0.10857511419502366,0.001456069218342515
ENTRO-CORE (Linear),3.0000000000000013,0.05591601293957227,0.000623543518102343
ENTRO-CORE (Linear),3.1000000000000014,0.003566338117309914,0.0
ENTRO-CORE (Linear),3.2000000000000015,-0.04708655627808058,0.0
ENTRO-CORE (Linear),3.3000000000000016,-0.09604399271576125,0.0
ENTRO-CORE (Linear),3.4000000000000017,-0.14215032113077292,0.0
ENTRO-CORE (Linear),3.5000000000000018,-0.18624288917720888,0.0
ENTRO-CORE (Linear),3.600000000000002,-0.22810679559319008,0.0
ENTRO-CORE (Linear),3.700000000000002,-0.2676696877835265,0.0
ENTRO-CORE (Linear),3.800000000000002,-0.3052026478884094,0.0
ENTRO-CORE (Linear),3.900000000000002,-0.33974709095869104,0.0
ENTRO-CORE (Linear),4.000000000000002,-0.37221850651430677,0.0
ENTRO-CORE (Linear),4.100000000000001,-0.4012714420015632,0.0
ENTRO-CORE (Linear),4.200000000000001,-0.42744224412444315,0.0
ENTRO-CORE (Linear),4.300000000000001,-0.4504388959348252,0.0
ENTRO-CORE (Linear),4.4,-0.47076983605978207,0.0
ENTRO-CORE (Linear),4.5,-0.48859709563460807,0.0
ENTRO-CORE (Linear),4.6,-0.5025464202637956,0.0
ENTRO-CORE (Linear),4.699999999999999,-0.5133302581616621,0.0
ENTRO-CORE (Linear),4.799999999999999,-0.5206204280421016,0.0
ENTRO-CORE (Linear),4.899999999999999,-0.5249952292370176,0.0
ENTRO-CORE (Linear),4.999999999999998,-0.525308006486273,0.0
ENTRO-CORE (Linear),5.099999999999998,-0.5207259144691213,0.2080195892315827
ENTRO-CORE (Linear),5.1999999999999975,-0.5082041057705212,0.5988452271885489
ENTRO-CORE (Linear),5.299999999999997,-0.48714359571895394,0.5989080536595555
ENTRO-CORE (Linear),5.399999999999997,-0.45807745289581453,0.5989080536595555
ENTRO-CORE (Linear),5.4999999999999964,-0.42276440154304096,0.5989080536595555
ENTRO-CORE (Linear),5.599999999999996,-0.38046579130107044,0.5989080536595555
ENTRO-CORE (Linear),5.699999999999996,-0.33105463036266614,0.5989080536595555
ENTRO-CORE (Linear),5.799999999999995,-0.2750808680439467,0.5989080536595555
ENTRO-CORE (Linear),5.899999999999995,-0.21359155142213004,0.5989080536595555
ENTRO-CORE (Linear),5.999999999999995,-0.14749618811278525,0.5989080536595555
ENTRO-CORE (Linear),6.099999999999994,-0.07641147745090762,0.5989080536595555
ENTRO-CORE (Linear),6.199999999999994,-0.0016610841579555863,0.5989080536595555
ENTRO-CORE (Linear),6.299999999999994,0.07750652262479844,0.5989080536595555
ENTRO-CORE (Linear),6.399999999999993,0.1597597766271454,0.6001341809497909
ENTRO-CORE (Linear),6.499999999999993,0.2442984952984757,0.6014270673926543
ENTRO-CORE (Linear),6.5999999999999925,0.33082319550793216,0.6027468534755314
ENTRO-CORE (Linear),6.699999999999992,0.4187334752318589,0.6040880904826108
ENTRO-CORE (Linear),6.799999999999992,0.5076868288546954,0.6054408323029048
ENTRO-CORE (Linear),6.8999999999999915,0.5971329489103702,0.60679932376988
ENTRO-CORE (Linear),6.999999999999991,0.6868020646813727,0.6081548323233427
ENTRO-CORE (Linear),7.099999999999991,0.7765616124232869,0.6095030917830306
ENTRO-CORE (Linear),7.19999999999999,0.8661524303127976,0.6108420105572011
ENTRO-CORE (Linear),7.29999999999999,0.9502913169238293,0.2121677047033988
ENTRO-CORE (Linear),7.39999999999999,1.028812840969019,0.21340295868910897
ENTRO-CORE (Linear),7.499999999999989,1.1017655508070898,0.2145471973732897
ENTRO-CORE (Linear),7.599999999999989,1.169208753241758,0.21560288493790952
ENTRO-CORE (Linear),7.699999999999989,1.2309972055361382,0.2165725013096096
ENTRO-CORE (Linear),7.799999999999988,1.2859295821765404,0.21745547069689009
ENTRO-CORE (Linear),7.899999999999988,1.3358187149908909,0.21823617086962477
ENTRO-CORE (Linear),7.999999999999988,1.3792764001914384,0.21894169547581188
ENTRO-CORE (Linear),8.099999999999987,1.4176380028007378,0.2195535534910209
ENTRO-CORE (Linear),8.199999999999987,1.4492853554418592,0.22009156328079826
ENTRO-CORE (Linear),8.299999999999986,1.4744601141760874,0.22053392751065437
ENTRO-CORE (Linear),8.399999999999986,1.493590460732436,0.22088486324202128
ENTRO-CORE (Linear),8.499999999999986,1.5067791167756908,0.22115097439113274
ENTRO-CORE (Linear),8.599999999999985,1.5138657698908449,0.22133414983410904
ENTRO-CORE (Linear),8.699999999999985,1.5157522627716644,0.22143206129541404
ENTRO-CORE (Linear),8.799999999999985,1.5111821671163603,0.20797846210212223
ENTRO-CORE (Linear),8.899999999999984,1.4997207923600362,0.0
ENTRO-CORE (Linear),8.999999999999984,1.4806956683860522,0.0
ENTRO-CORE (Linear),9.099999999999984,1.4554636196166202,0.0
ENTRO-CORE (Linear),9.199999999999983,1.4235068569040985,0.0
ENTRO-CORE (Linear),9.299999999999983,1.3846917345125205,0.0
ENTRO-CORE (Linear),9.399999999999983,1.3403421644693227,0.0
ENTRO-CORE (Linear),9.499999999999982,1.2917364562088316,0.0
ENTRO-CORE (Linear),9.599999999999982,1.238104013423986,0.0
ENTRO-CORE (Linear),9.699999999999982,1.1799457663232062,0.0
ENTRO-CORE (Linear),9.799999999999981,1.1174328507602458,0.0
ENTRO-CORE (Linear),9.89999999999998,1.0507698942928339,0.0
ENTRO-CORE (Linear),9.99999999999998,0.9804773138212135,0.0
ENTRO-CORE (Linear),10.09999999999998,0.9067307660909683,0.0
ENTRO-CORE (Linear),10.19999999999998,0.8299584451265147,0.0
ENTRO-CORE (Linear),10.29999999999998,0.751374970573859,0.0
ENTRO-CORE (Linear),10.399999999999979,0.6722021711192661,0.0
ENTRO-CORE (Linear),10.499999999999979,0.5923050926085608,0.0
ENTRO-CORE (Linear),10.599999999999978,0.5120802948963513,0.0
ENTRO-CORE (Linear),10.699999999999978,0.43182614073885317,0.0
ENTRO-CORE (Linear),10.799999999999978,0.35138841076237454,0.0
ENTRO-CORE (Linear),10.899999999999977,0.2716995272216911,0.0
ENTRO-CORE (Linear),10.999999999999977,0.19286374858301242,0.003172654234519512
ENTRO-CORE (Linear),11.099999999999977,0.11591695205758039,0.0019449705402208584
ENTRO-CORE (Linear),11.199999999999976,0.04132147975966649,0.0007390052116385548
ENTRO-CORE (Linear),11.299999999999976,-0.030615865165789347,0.0
ENTRO-CORE (Linear),11.399999999999975,-0.10005888749389265,0.0
ENTRO-CORE (Linear),11.499999999999975,-0.1663964466796281,0.0
ENTRO-CORE (Linear),11.599999999999975,-0.23024301707079253,0.0
ENTRO-CORE (Linear),11.699999999999974,-0.29107211101806896,0.0
ENTRO-CORE (Linear),11.799999999999974,-0.34872640162029594,0.0
ENTRO-CORE (Linear),11.899999999999974,-0.4033589348446908,0.0
ENTRO-CORE (Linear),11.999999999999973,-0.4548478268348781,0.0
ENTRO-CORE (Linear),12.099999999999973,-0.5029602942131602,0.0
ENTRO-CORE (Linear),12.199999999999973,-0.5473433890254535,0.0
ENTRO-CORE (Linear),12.299999999999972,-0.5886197606496469,0.0
ENTRO-CORE (Linear),12.399999999999972,-0.6246926654930043,0.0
ENTRO-CORE (Linear),12.499999999999972,-0.6564580617899684,0.0
ENTRO-CORE (Linear),12.599999999999971,-0.6839645006485435,0.0
ENTRO-CORE (Linear),12.69999999999997,-0.7069156707120734,0.0
ENTRO-CORE (Linear),12.79999999999997,-0.7257212474277188,0.0
ENTRO-CORE (Linear),12.89999999999997,-0.7400892368465826,0.0
ENTRO-CORE (Linear),12.99999999999997,-0.750084302200662,0.0
ENTRO-CORE (Linear),13.09999999999997,-0.7556605689033907,0.0
ENTRO-CORE (Linear),13.199999999999969,-0.7584076025684997,0.0
ENTRO-CORE (Linear),13.299999999999969,-0.7567453991524483,0.0013646091630004353
ENTRO-CORE (Linear),13.399999999999968,-0.7454936004527863,0.5780620649046347
ENTRO-CORE (Linear),13.499999999999968,-0.7245511194249482,0.5989080536595555
ENTRO-CORE (Linear),13.599999999999968,-0.6943941023079564,0.5989080536595555
ENTRO-CORE (Linear),13.699999999999967,-0.6555492466299382,0.5989080536595555
ENTRO-CORE (Linear),13.799999999999967,-0.6078935110377097,0.5989080536595555
ENTRO-CORE (Linear),13.899999999999967,-0.5528247038613359,0.5989080536595555
ENTRO-CORE (Linear),13.999999999999966,-0.4904000097943846,0.5989080536595555
ENTRO-CORE (Linear),14.099999999999966,-0.4215486693886224,0.5989080536595555
ENTRO-CORE (Linear),14.199999999999966,-0.3466692834048562,0.5989080536595555
ENTRO-CORE (Linear),14.299999999999965,-0.26511317669402595,0.5989080536595555
ENTRO-CORE (Linear),14.399999999999965,-0.1778061015856532,0.5989080536595555
ENTRO-CORE (Linear),14.499999999999964,-0.08609271056531274,0.5989080536595555
ENTRO-CORE (Linear),14.599999999999964,0.009736354203771017,0.5989080536595555
ENTRO-CORE (Linear),14.699999999999964,0.10852237435402205,0.5990624953565014
ENTRO-CORE (Linear),14.799999999999963,0.20886029259881925,0.600622711381352
ENTRO-CORE (Linear),14.899999999999963,0.31143128354044625,0.6021947245778607
ENTRO-CORE (Linear),14.999999999999963,0.4152565606075894,0.60378833668414
ENTRO-CORE (Linear),15.099999999999962,0.519335792547569,0.6053875221882352
ENTRO-CORE (Linear),15.199999999999962,0.6226133002928504,0.6069764556351636
ENTRO-CORE (Linear),15.299999999999962,0.72246628779987,0.20853903936026874
ENTRO-CORE (Linear),15.399999999999961,0.818079564245974,0.21003637083382737
ENTRO-CORE (Linear),15.499999999999961,0.9091069105092513,0.21145769327678765
ENTRO-CORE (Linear),15.59999999999996,0.994608008679136,0.21279950798089053
ENTRO-CORE (Linear),15.69999999999996,1.0747086211748487,0.21404976939055315
ENTRO-CORE (Linear),15.79999999999996,1.1498586946798282,0.21521218013823618
ENTRO-CORE (Linear),15.89999999999996,1.218878097783522,0.21629493322463422
ENTRO-CORE (Linear),15.99999999999996,1.2820152577569452,0.21728268945478496
ENTRO-CORE (Linear),16.09999999999996,1.3385246208244301,0.21818067411978592
ENTRO-CORE (Linear),16.19999999999996,1.3889269518818665,0.21897986675501524
ENTRO-CORE (Linear),16.29999999999996,1.4325287611020248,0.2196890847268813
ENTRO-CORE (Linear),16.399999999999963,1.4696121053150517,0.22029987178536548
ENTRO-CORE (Linear),16.499999999999964,1.500266071185493,0.2208173478460888
ENTRO-CORE (Linear),16.599999999999966,1.5251469528029649,0.22124372002652765
ENTRO-CORE (Linear),16.699999999999967,1.544070482909314,0.22158887176412823
ENTRO-CORE (Linear),16.79999999999997,1.5566005901155449,0.22185082968705983
ENTRO-CORE (Linear),16.89999999999997,1.5631185943969994,0.2220240211007199
ENTRO-CORE (Linear),16.99999999999997,1.563817196212316,0.22211272343259636
ENTRO-CORE (Linear),17.099999999999973,1.5576834901565062,0.10316753871873013
ENTRO-CORE (Linear),17.199999999999974,1.5434936028357926,0.0
ENTRO-CORE (Linear),17.299999999999976,1.5224013590307477,0.0
ENTRO-CORE (Linear),17.399999999999977,1.4944448615965247,0.0
ENTRO-CORE (Linear),17.49999999999998,1.459931495373215,0.0
ENTRO-CORE (Linear),17.59999999999998,1.4203885000707523,0.0
ENTRO-CORE (Linear),17.69999999999998,1.3746830409709792,0.0
ENTRO-CORE (Linear),17.799999999999983,1.3238052352899365,0.0
ENTRO-CORE (Linear),17.899999999999984,1.2670671640376672,0.0
ENTRO-CORE (Linear),17.999999999999986,1.206633275734702,0.0
ENTRO-CORE (Linear),18.099999999999987,1.1415144906438492,0.0
ENTRO-CORE (Linear),18.19999999999999,1.0721228314499003,0.0
ENTRO-CORE (Linear),18.29999999999999,0.9993460993558766,0.0
ENTRO-CORE (Linear),18.39999999999999,0.923271949750604,0.0
ENTRO-CORE (Linear),18.499999999999993,0.8442406980335574,0.0
ENTRO-CORE (Linear),18.599999999999994,0.7637306835214427,0.0
ENTRO-CORE (Linear),18.699999999999996,0.6821440856716285,0.0
ENTRO-CORE (Linear),18.799999999999997,0.5995974948871823,0.0
ENTRO-CORE (Linear),18.9,0.5163422124831231,0.0
ENTRO-CORE (Linear),19.0,0.43332198127191657,0.0
ENTRO-CORE (Linear),19.1,0.3503653686946323,0.005664341780946158
ENTRO-CORE (Linear),19.200000000000003,0.2678188142796122,0.004389674575040248
ENTRO-CORE (Linear),19.300000000000004,0.1869000740850449,0.0031124089110966535
ENTRO-CORE (Linear),19.400000000000006,0.10703596359310497,0.0018517746346277675
ENTRO-CORE (Linear),19.500000000000007,0.02860294200019313,0.0005993293069421479
ENTRO-CORE (Linear),19.60000000000001,-0.04736026421496173,0.0
ENTRO-CORE (Linear),19.70000000000001,-0.1209628912118447,0.0
ENTRO-CORE (Linear),19.80000000000001,-0.1922493898804014,0.0
ENTRO-CORE (Linear),19.900000000000013,-0.2605171672012898,0.0
ENTRO-CORE (Linear),20.000000000000014,-0.3255661360859057,0.0
ENTRO-CORE (Linear),20.100000000000016,-0.3874005332372768,0.0
ENTRO-CORE (Linear),20.200000000000017,-0.44531249662834504,0.0
ENTRO-CORE (Linear),20.30000000000002,-0.49892496098994416,0.0
ENTRO-CORE (Linear),20.40000000000002,-0.547922251057092,0.0
ENTRO-CORE (Linear),20.50000000000002,-0.5933498992509046,0.0
ENTRO-CORE (Linear),20.600000000000023,-0.6343966598612092,0.0
ENTRO-CORE (Linear),20.700000000000024,-0.6710042850046695,0.0
ENTRO-CORE (Linear),20.800000000000026,-0.7041956106373995,0.0
ENTRO-CORE (Linear),20.900000000000027,-0.7333024324575154,0.0
ENTRO-CORE (Linear),21.00000000000003,-0.7578548200388902,0.0
ENTRO-CORE (Linear),21.10000000000003,-0.7787716149611629,0.0
ENTRO-CORE (Linear),21.20000000000003,-0.7949791371861421,0.0
ENTRO-CORE (Linear),21.300000000000033,-0.806078648134421,0.0
ENTRO-CORE (Linear),21.400000000000034,-0.8134615376916617,0.0
ENTRO-CORE (Linear),21.500000000000036,-0.8158225112985348,0.0
ENTRO-CORE (Linear),21.600000000000037,-0.8122057457690465,0.0041996723620528476
ENTRO-CORE (Linear),21.70000000000004,-0.7987916251640383,0.5984751871832287
ENTRO-CORE (Linear),21.80000000000004,-0.7759518098416461,0.5989080536595555
ENTRO-CORE (Linear),21.90000000000004,-0.7441534411303423,0.5989080536595555
ENTRO-CORE (Linear),22.000000000000043,-0.7050531073876241,0.5989080536595555
ENTRO-CORE (Linear),22.100000000000044,-0.6582258530035319,0.5989080536595555
ENTRO-CORE (Linear),22.200000000000045,-0.6030874359864742,0.5989080536595555
ENTRO-CORE (Linear),22.300000000000047,-0.5407386339471829,0.5989080536595555
ENTRO-CORE (Linear),22.40000000000005,-0.4712505009621947,0.5989080536595555
ENTRO-CORE (Linear),22.50000000000005,-0.39550868257730504,0.5989080536595555
ENTRO-CORE (Linear),22.60000000000005,-0.3141061269656056,0.5989080536595555
ENTRO-CORE (Linear),22.700000000000053,-0.2273155591310912,0.5989080536595555
ENTRO-CORE (Linear),22.800000000000054,-0.13655313779700873,0.5989080536595555
ENTRO-CORE (Linear),22.900000000000055,-0.041636168638381904,0.5989080536595555
ENTRO-CORE (Linear),23.000000000000057,0.056775582196464364,0.5989080536595555
ENTRO-CORE (Linear),23.10000000000006,0.157347581518662,0.5998069676364545
ENTRO-CORE (Linear),23.20000000000006,0.2593095431256326,0.6013892745104324
ENTRO-CORE (Linear),23.30000000000006,0.36268639114471724,0.6029802378319821
ENTRO-CORE (Linear),23.400000000000063,0.4685554951167466,0.6045795587128816
ENTRO-CORE (Linear),23.500000000000064,0.5757605635001729,0.6062029924137788
ENTRO-CORE (Linear),23.600000000000065,0.6835263644453906,0.6078319061496151
ENTRO-CORE (Linear),23.700000000000067,0.7905720175691879,0.6094540263419455
ENTRO-CORE (Linear),23.800000000000068,0.8926884385932525,0.2110500333590445
ENTRO-CORE (Linear),23.90000000000007,0.9893185676853945,0.21255830532307768
ENTRO-CORE (Linear),24.00000000000007,1.080785530553817,0.2139727071617703
ENTRO-CORE (Linear),24.100000000000072,1.1665188789987828,0.21530001674232374
ENTRO-CORE (Linear),24.200000000000074,1.2450539893633976,0.21653394627171946
ENTRO-CORE (Linear),24.300000000000075,1.3175899380919587,0.21765563079918293
ENTRO-CORE (Linear),24.400000000000077,1.3839996686965288,0.21868429308836101
ENTRO-CORE (Linear),24.500000000000078,1.4434237926143334,0.219619902087547
ENTRO-CORE (Linear),24.60000000000008,1.495677773395226,0.22045209597910864
ENTRO-CORE (Linear),24.70000000000008,1.5413774750426432,0.221179980244328
ENTRO-CORE (Linear),24.800000000000082,1.579926249390048,0.22181357957003484
ENTRO-CORE (Linear),24.900000000000084,1.6117854793591708,0.22234587204474587
ENTRO-CORE (Linear),25.000000000000085,1.6368746238869285,0.22278430072355704
ENTRO-CORE (Linear),25.100000000000087,1.654989460542426,0.22312861348022084
ENTRO-CORE (Linear),25.200000000000088,1.665939578616117,0.22337669392992643
ENTRO-CORE (Linear),25.30000000000009,1.6715813076240784,0.2235264431607108
ENTRO-CORE (Linear),25.40000000000009,1.6705424223557255,0.22359598871962622
ENTRO-CORE (Linear),25.500000000000092,1.6613055944508088,0.0
ENTRO-CORE (Linear),25.600000000000094,1.6439607403910783,0.0
ENTRO-CORE (Linear),25.700000000000095,1.6189122028046063,0.0
ENTRO-CORE (Linear),25.800000000000097,1.5857432692235078,0.0
ENTRO-CORE (Linear),25.900000000000098,1.5451985117246922,0.0
ENTRO-CORE (Linear),26.0000000000001,1.497490269958202,0.0
ENTRO-CORE (Linear),26.1000000000001,1.4443112271013152,0.0
ENTRO-CORE (Linear),26.200000000000102,1.3850957249826095,0.0
ENTRO-CORE (Linear),26.300000000000104,1.3202989784556507,0.0
ENTRO-CORE (Linear),26.400000000000105,1.2512909516782944,0.0
ENTRO-CORE (Linear),26.500000000000107,1.1782708152038295,0.0
ENTRO-CORE (Linear),26.600000000000108,1.1021917959582948,0.0
ENTRO-CORE (Linear),26.70000000000011,1.0231698561943356,0.0
ENTRO-CORE (Linear),26.80000000000011,0.9414187114085302,0.0
ENTRO-CORE (Linear),26.900000000000112,0.8569712209607188,0.0
ENTRO-CORE (Linear),27.000000000000114,0.7715366630214229,0.0
ENTRO-CORE (Linear),27.100000000000115,0.6847181168013761,0.0
ENTRO-CORE (Linear),27.200000000000117,0.5966350520523218,0.0
ENTRO-CORE (Linear),27.300000000000118,0.5081059073527986,0.0
ENTRO-CORE (Linear),27.40000000000012,0.41959246070061523,0.0
ENTRO-CORE (Linear),27.50000000000012,0.33242073340618766,0.00545400281175909
ENTRO-CORE (Linear),27.600000000000122,0.2474571805208569,0.004112765373061766
ENTRO-CORE (Linear),27.700000000000124,0.16371002333325008,0.0027959898049971788
ENTRO-CORE (Linear),27.800000000000125,0.08215733307213369,0.0014889439679708905
ENTRO-CORE (Linear),27.900000000000126,0.0022449854695741067,0.00020751615558578518
ENTRO-CORE (Linear),28.000000000000128,-0.07540620812007473,0.0
ENTRO-CORE (Linear),28.10000000000013,-0.15071749367926082,0.0
ENTRO-CORE (Linear),28.20000000000013,-0.22296499648774915,0.0
ENTRO-CORE (Linear),28.300000000000132,-0.2916299990740452,0.0
ENTRO-CORE (Linear),28.400000000000134,-0.3566829683365509,0.0
ENTRO-CORE (Linear),28.500000000000135,-0.4181906282162943,0.0
ENTRO-CORE (Linear),28.600000000000136,-0.4757897721182541,0.0
ENTRO-CORE (Linear),28.700000000000138,-0.5296481649816855,0.0
ENTRO-CORE (Linear),28.80000000000014,-0.5789875083445934,0.0
ENTRO-CORE (Linear),28.90000000000014,-0.6241484634492941,0.0
ENTRO-CORE (Linear),29.000000000000142,-0.6647170370791001,0.0
ENTRO-CORE (Linear),29.100000000000144,-0.7002690047619391,0.0
ENTRO-CORE (Linear),29.200000000000145,-0.7315607860384946,0.0
ENTRO-CORE (Linear),29.300000000000146,-0.7575172023134031,0.0
ENTRO-CORE (Linear),29.400000000000148,-0.7800579127162856,0.0
ENTRO-CORE (Linear),29.50000000000015,-0.7983390709380994,0.0
ENTRO-CORE (Linear),29.60000000000015,-0.8116051013288442,0.0
ENTRO-CORE (Linear),29.700000000000152,-0.8205793399864384,0.0
ENTRO-CORE (Linear),29.800000000000153,-0.8256825166625653,0.0
ENTRO-CORE (Linear),29.900000000000155,-0.8267651505181588,0.0
ENTRO-CORE (Linear),30.000000000000156,-0.8223032725931573,0.06065591943074275
ENTRO-CORE (Exponential),0.1,1.016012140577668,0.11412828753276745
ENTRO-CORE (Exponential),0.2,1.0299091794254471,0.4143612242680048
ENTRO-CORE (Exponential),0.30000000000000004,1.040045535137544,0.21456311509175374
ENTRO-CORE (Exponential),0.4,1.0470099263703116,0.2147102083991208
ENTRO-CORE (Exponential),0.5,1.0501702683631058,0.2148106575954964
ENTRO-CORE (Exponential),0.6,1.0500866858123028,0.213779706939487
ENTRO-CORE (Exponential),0.7,1.0448447755525998,0.0
ENTRO-CORE (Exponential),0.7999999999999999,1.0341203491152895,0.0
ENTRO-CORE (Exponential),0.8999999999999999,1.0178925350432924,0.0
ENTRO-CORE (Exponential),0.9999999999999999,0.9971590365888632,0.0
ENTRO-CORE (Exponential),1.0999999999999999,0.9725583727568902,0.0
ENTRO-CORE (Exponential),1.2,0.9435094461608181,0.0
ENTRO-CORE (Exponential),1.3,0.9104476061399264,0.0
ENTRO-CORE (Exponential),1.4000000000000001,0.8746482191692531,0.0
ENTRO-CORE (Exponential),1.5000000000000002,0.8352701278289295,0.0
ENTRO-CORE (Exponential),1.6000000000000003,0.7926399502581447,0.0
ENTRO-CORE (Exponential),1.7000000000000004,0.748527537929342,0.0
ENTRO-CORE (Exponential),1.8000000000000005,0.7012303189843199,0.0
ENTRO-CORE (Exponential),1.9000000000000006,0.6522440979328735,0.0
ENTRO-CORE (Exponential),2.0000000000000004,0.6004644187647306,0.0
ENTRO-CORE (Exponential),2.1000000000000005,0.5469373265037654,0.0
ENTRO-CORE (Exponential),2.2000000000000006,0.49303320081935126,0.0
ENTRO-CORE (Exponential),2.3000000000000007,0.4388917511079111,0.0
ENTRO-CORE (Exponential),2.400000000000001,0.38372952605707694,0.0
ENTRO-CORE (Exponential),2.500000000000001,0.3280766707624201,0.0
ENTRO-CORE (Exponential),2.600000000000001,0.2724931342939962,0.0
ENTRO-CORE (Exponential),2.700000000000001,0.21661743631951996,0.003184972022718474
ENTRO-CORE (Exponential),2.800000000000001,0.16161103210521094,0.0
ENTRO-CORE (Exponential),2.9000000000000012,0.10857511419502366,0.001456069218342515
ENTRO-CORE (Exponential),3.0000000000000013,0.05591601293957227,0.000623543518102343
ENTRO-CORE (Exponential),3.1000000000000014,0.003566338117309914,0.0
ENTRO-CORE (Exponential),3.2000000000000015,-0.04708655627808058,0.0
ENTRO-CORE (Exponential),3.3000000000000016,-0.09604399271576125,0.0
ENTRO-CORE (Exponential),3.4000000000000017,-0.14215032113077292,0.0
ENTRO-CORE (Exponential),3.5000000000000018,-0.18624288917720888,0.0
ENTRO-CORE (Exponential),3.600000000000002,-0.22810679559319008,0.0
ENTRO-CORE (Exponential),3.700000000000002,-0.2676696877835265,0.0
ENTRO-CORE (Exponential),3.800000000000002,-0.3052026478884094,0.0
ENTRO-CORE (Exponential),3.900000000000002,-0.33974709095869104,0.0
ENTRO-CORE (Exponential),4.000000000000002,-0.37221850651430677,0.0
ENTRO-CORE (Exponential),4.100000000000001,-0.4012714420015632,0.0
ENTRO-CORE (Exponential),4.200000000000001,-0.42744224412444315,0.0
ENTRO-CORE (Exponential),4.300000000000001,-0.4504388959348252,0.0
ENTRO-CORE (Exponential),4.4,-0.47076983605978207,0.0
ENTRO-CORE (Exponential),4.5,-0.48859709563460807,0.0
ENTRO-CORE (Exponential),4.6,-0.5025464202637956,0.0
ENTRO-CORE (Exponential),4.699999999999999,-0.5133302581616621,0.0
ENTRO-CORE (Exponential),4.799999999999999,-0.5206204280421016,0.0
ENTRO-CORE (Exponential),4.899999999999999,-0.5249952292370176,0.0
ENTRO-CORE (Exponential),4.999999999999998,-0.525308006486273,0.0
ENTRO-CORE (Exponential),5.099999999999998,-0.5207259144691213,0.2080195892315827
ENTRO-CORE (Exponential),5.1999999999999975,-0.5082041057705212,0.5988452271885489
ENTRO-CORE (Exponential),5.299999999999997,-0.48714359571895394,0.5989080536595555
ENTRO-CORE (Exponential),5.399999999999997,-0.45807745289581453,0.5989080536595555
ENTRO-CORE (Exponential),5.4999999999999964,-0.42276440154304096,0.5989080536595555
ENTRO-CORE (Exponential),5.599999999999996,-0.38046579130107044,0.5989080536595555
ENTRO-CORE (Exponential),5.699999999999996,-0.33105463036266614,0.5989080536595555
ENTRO-CORE (Exponential),5.799999999999995,-0.2750808680439467,0.5989080536595555
ENTRO-CORE (Exponential),5.899999999999995,-0.21359155142213004,0.5989080536595555
ENTRO-CORE (Exponential),5.999999999999995,-0.14749618811278525,0.5989080536595555
ENTRO-CORE (Exponential),6.099999999999994,-0.07641147745090762,0.5989080536595555
ENTRO-CORE (Exponential),6.199999999999994,-0.0016610841579555863,0.5989080536595555
ENTRO-CORE (Exponential),6.299999999999994,0.07750652262479844,0.5989080536595555
ENTRO-CORE (Exponential),6.399999999999993,0.1597597766271454,0.6001341809497909
ENTRO-CORE (Exponential),6.499999999999993,0.2442984952984757,0.6014270673926543
ENTRO-CORE (Exponential),6.5999999999999925,0.33082319550793216,0.6027468534755314
ENTRO-CORE (Exponential),6.699999999999992,0.4187334752318589,0.6040880904826108
ENTRO-CORE (Exponential),6.799999999999992,0.5076868288546954,0.6054408323029048
ENTRO-CORE (Exponential),6.8999999999999915,0.5971329489103702,0.60679932376988
ENTRO-CORE (Exponential),6.999999999999991,0.6868020646813727,0.6081548323233427
ENTRO-CORE (Exponential),7.099999999999991,0.7765616124232869,0.6095030917830306
ENTRO-CORE (Exponential),7.19999999999999,0.8661524303127976,0.6108420105572011
ENTRO-CORE (Exponential),7.29999999999999,0.9502913169238293,0.2121677047033988
ENTRO-CORE (Exponential),7.39999999999999,1.028812840969019,0.21340295868910897
ENTRO-CORE (Exponential),7.499999999999989,1.1017655508070898,0.2145471973732897
ENTRO-CORE (Exponential),7.599999999999989,1.169208753241758,0.21560288493790952
ENTRO-CORE (Exponential),7.699999999999989,1.2309972055361382,0.2165725013096096
ENTRO-CORE (Exponential),7.799999999999988,1.2859295821765404,0.21745547069689009
ENTRO-CORE (Exponential),7.899999999999988,1.3358187149908909,0.21823617086962477
ENTRO-CORE (Exponential),7.999999999999988,1.3792764001914384,0.21894169547581188
ENTRO-CORE (Exponential),8.099999999999987,1.4176380028007378,0.2195535534910209
ENTRO-CORE (Exponential),8.199999999999987,1.4492853554418592,0.22009156328079826
ENTRO-CORE (Exponential),8.299999999999986,1.4744601141760874,0.22053392751065437
ENTRO-CORE (Exponential),8.399999999999986,1.493590460732436,0.22088486324202128
ENTRO-CORE (Exponential),8.499999999999986,1.5067791167756908,0.22115097439113274
ENTRO-CORE (Exponential),8.599999999999985,1.5138657698908449,0.22133414983410904
ENTRO-CORE (Exponential),8.699999999999985,1.5157522627716644,0.22143206129541404
ENTRO-CORE (Exponential),8.799999999999985,1.5111821671163603,0.20797846210212223
ENTRO-CORE (Exponential),8.899999999999984,1.4997207923600362,0.0
ENTRO-CORE (Exponential),8.999999999999984,1.4806956683860522,0.0
ENTRO-CORE (Exponential),9.099999999999984,1.4554636196166202,0.0
ENTRO-CORE (Exponential),9.199999999999983,1.4235068569040985,0.0
ENTRO-CORE (Exponential),9.299999999999983,1.3846917345125205,0.0
ENTRO-CORE (Exponential),9.399999999999983,1.3403421644693227,0.0
ENTRO-CORE (Exponential),9.499999999999982,1.2917364562088316,0.0
ENTRO-CORE (Exponential),9.599999999999982,1.238104013423986,0.0
ENTRO-CORE (Exponential),9.699999999999982,1.1799457663232062,0.0
ENTRO-CORE (Exponential),9.799999999999981,1.1174328507602458,0.0
ENTRO-CORE (Exponential),9.89999999999998,1.0507698942928339,0.0
ENTRO-CORE (Exponential),9.99999999999998,0.9804773138212135,0.0
ENTRO-CORE (Exponential),10.09999999999998,0.9067307660909683,0.0
ENTRO-CORE (Exponential),10.19999999999998,0.8299584451265147,0.0
ENTRO-CORE (Exponential),10.29999999999998,0.751374970573859,0.0
ENTRO-CORE (Exponential),10.399999999999979,0.6722021711192661,0.0
ENTRO-CORE (Exponential),10.499999999999979,0.5923050926085608,0.0
ENTRO-CORE (Exponential),10.599999999999978,0.5120802948963513,0.0
ENTRO-CORE (Exponential),10.699999999999978,0.43182614073885317,0.0
ENTRO-CORE (Exponential),10.799999999999978,0.35138841076237454,0.0
ENTRO-CORE (Exponential),10.899999999999977,0.2716995272216911,0.0
ENTRO-CORE (Exponential),10.999999999999977,0.19286374858301242,0.003172654234519512
ENTRO-CORE (Exponential),11.099999999999977,0.11591695205758039,0.0019449705402208584
ENTRO-CORE (Exponential),11.199999999999976,0.04132147975966649,0.0007390052116385548
ENTRO-CORE (Exponential),11.299999999999976,-0.030615865165789347,0.0
ENTRO-CORE (Exponential),11.399999999999975,-0.10005888749389265,0.0
ENTRO-CORE (Exponential),11.499999999999975,-0.1663964466796281,0.0
ENTRO-CORE (Exponential),11.599999999999975,-0.23024301707079253,0.0
ENTRO-CORE (Exponential),11.699999999999974,-0.29107211101806896,0.0
ENTRO-CORE (Exponential),11.799999999999974,-0.34872640162029594,0.0
ENTRO-CORE (Exponential),11.899999999999974,-0.4033589348446908,0.0
ENTRO-CORE (Exponential),11.999999999999973,-0.4548478268348781,0.0
ENTRO-CORE (Exponential),12.099999999999973,-0.5029602942131602,0.0
ENTRO-CORE (Exponential),12.199999999999973,-0.5473433890254535,0.0
ENTRO-CORE (Exponential),12.299999999999972,-0.5886197606496469,0.0
ENTRO-CORE (Exponential),12.399999999999972,-0.6246926654930043,0.0
ENTRO-CORE (Exponential),12.499999999999972,-0.6564580617899684,0.0
ENTRO-CORE (Exponential),12.599999999999971,-0.6839645006485435,0.0
ENTRO-CORE (Exponential),12.69999999999997,-0.7069156707120734,0.0
ENTRO-CORE (Exponential),12.79999999999997,-0.7257212474277188,0.0
ENTRO-CORE (Exponential),12.89999999999997,-0.7400892368465826,0.0
ENTRO-CORE (Exponential),12.99999999999997,-0.750084302200662,0.0
ENTRO-CORE (Exponential),13.09999999999997,-0.7556605689033907,0.0
ENTRO-CORE (Exponential),13.199999999999969,-0.7584076025684997,0.0
ENTRO-CORE (Exponential),13.299999999999969,-0.7567453991524483,0.0013646091630004353
ENTRO-CORE (Exponential),13.399999999999968,-0.7454936004527863,0.5780620649046347
ENTRO-CORE (Exponential),13.499999999999968,-0.7245511194249482,0.5989080536595555
ENTRO-CORE (Exponential),13.599999999999968,-0.6943941023079564,0.5989080536595555
ENTRO-CORE (Exponential),13.699999999999967,-0.6555492466299382,0.5989080536595555
ENTRO-CORE (Exponential),13.799999999999967,-0.6078935110377097,0.5989080536595555
ENTRO-CORE (Exponential),13.899999999999967,-0.5528247038613359,0.5989080536595555
ENTRO-CORE (Exponential),13.999999999999966,-0.4904000097943846,0.5989080536595555
ENTRO-CORE (Exponential),14.099999999999966,-0.4215486693886224,0.5989080536595555
ENTRO-CORE (Exponential),14.199999999999966,-0.3466692834048562,0.5989080536595555
ENTRO-CORE (Exponential),14.299999999999965,-0.26511317669402595,0.5989080536595555
ENTRO-CORE (Exponential),14.399999999999965,-0.1778061015856532,0.5989080536595555
ENTRO-CORE (Exponential),14.499999999999964,-0.08609271056531274,0.5989080536595555
ENTRO-CORE (Exponential),14.599999999999964,0.009736354203771017,0.5989080536595555
ENTRO-CORE (Exponential),14.699999999999964,0.10852237435402205,0.5990624953565014
ENTRO-CORE (Exponential),14.799999999999963,0.20886029259881925,0.600622711381352
ENTRO-CORE (Exponential),14.899999999999963,0.31143128354044625,0.6021947245778607
ENTRO-CORE (Exponential),14.999999999999963,0.4152565606075894,0.60378833668414
ENTRO-CORE (Exponential),15.099999999999962,0.519335792547569,0.6053875221882352
ENTRO-CORE (Exponential),15.199999999999962,0.6226133002928504,0.6069764556351636
ENTRO-CORE (Exponential),15.299999999999962,0.72246628779987,0.20853903936026874
ENTRO-CORE (Exponential),15.399999999999961,0.818079564245974,0.21003637083382737
ENTRO-CORE (Exponential),15.499999999999961,0.9091069105092513,0.21145769327678765
ENTRO-CORE (Exponential),15.59999999999996,0.994608008679136,0.21279950798089053
ENTRO-CORE (Exponential),15.69999999999996,1.0747086211748487,0.21404976939055315
ENTRO-CORE (Exponential),15.79999999999996,1.1498586946798282,0.21521218013823618
ENTRO-CORE (Exponential),15.89999999999996,1.218878097783522,0.21629493322463422
ENTRO-CORE (Exponential),15.99999999999996,1.2820152577569452,0.21728268945478496
ENTRO-CORE (Exponential),16.09999999999996,1.3385246208244301,0.21818067411978592
ENTRO-CORE (Exponential),16.19999999999996,1.3889269518818665,0.21897986675501524
ENTRO-CORE (Exponential),16.29999999999996,1.4325287611020248,0.2196890847268813
ENTRO-CORE (Exponential),16.399999999999963,1.4696121053150517,0.22029987178536548
ENTRO-CORE (Exponential),16.499999999999964,1.500266071185493,0.2208173478460888
ENTRO-CORE (Exponential),16.599999999999966,1.5251469528029649,0.22124372002652765
ENTRO-CORE (Exponential),16.699999999999967,1.544070482909314,0.22158887176412823
ENTRO-CORE (Exponential),16.79999999999997,1.5566005901155449,0.22185082968705983
ENTRO-CORE (Exponential),16.89999999999997,1.5631185943969994,0.2220240211007199
ENTRO-CORE (Exponential),16.99999999999997,1.563817196212316,0.22211272343259636
ENTRO-CORE (Exponential),17.099999999999973,1.5576834901565062,0.10316753871873013
ENTRO-CORE (Exponential),17.199999999999974,1.5434936028357926,0.0
ENTRO-CORE (Exponential),17.299999999999976,1.5224013590307477,0.0
ENTRO-CORE (Exponential),17.399999999999977,1.4944448615965247,0.0
ENTRO-CORE (Exponential),17.49999999999998,1.459931495373215,0.0
ENTRO-CORE (Exponential),17.59999999999998,1.4203885000707523,0.0
ENTRO-CORE (Exponential),17.69999999999998,1.3746830409709792,0.0
ENTRO-CORE (Exponential),17.799999999999983,1.3238052352899365,0.0
ENTRO-CORE (Exponential),17.899999999999984,1.2670671640376672,0.0
ENTRO-CORE (Exponential),17.999999999999986,1.206633275734702,0.0
ENTRO-CORE (Exponential),18.099999999999987,1.1415144906438492,0.0
ENTRO-CORE (Exponential),18.19999999999999,1.0721228314499003,0.0
ENTRO-CORE (Exponential),18.29999999999999,0.9993460993558766,0.0
ENTRO-CORE (Exponential),18.39999999999999,0.923271949750604,0.0
ENTRO-CORE (Exponential),18.499999999999993,0.8442406980335574,0.0
ENTRO-CORE (Exponential),18.599999999999994,0.7637306835214427,0.0
ENTRO-CORE (Exponential),18.699999999999996,0.6821440856716285,0.0
ENTRO-CORE (Exponential),18.799999999999997,0.5995974948871823,0.0
ENTRO-CORE (Exponential),18.9,0.5163422124831231,0.0
ENTRO-CORE (Exponential),19.0,0.43332198127191657,0.0
ENTRO-CORE (Exponential),19.1,0.3503653686946323,0.005664341780946158
ENTRO-CORE (Exponential),19.200000000000003,0.2678188142796122,0.004389674575040248
ENTRO-CORE (Exponential),19.300000000000004,0.1869000740850449,0.0031124089110966535
ENTRO-CORE (Exponential),19.400000000000006,0.10703596359310497,0.0018517746346277675
ENTRO-CORE (Exponential),19.500000000000007,0.02860294200019313,0.0005993293069421479
ENTRO-CORE (Exponential),19.60000000000001,-0.04736026421496173,0.0
ENTRO-CORE (Exponential),19.70000000000001,-0.1209628912118447,0.0
ENTRO-CORE (Exponential),19.80000000000001,-0.1922493898804014,0.0
ENTRO-CORE (Exponential),19.900000000000013,-0.2605171672012898,0.0
ENTRO-CORE (Exponential),20.000000000000014,-0.3255661360859057,0.0
ENTRO-CORE (Exponential),20.100000000000016,-0.3874005332372768,0.0
ENTRO-CORE (Exponential),20.200000000000017,-0.44531249662834504,0.0
ENTRO-CORE (Exponential),20.30000000000002,-0.49892496098994416,0.0
ENTRO-CORE (Exponential),20.40000000000002,-0.547922251057092,0.0
ENTRO-CORE (Exponential),20.50000000000002,-0.5933498992509046,0.0
ENTRO-CORE (Exponential),20.600000000000023,-0.6343966598612092,0.0
ENTRO-CORE (Exponential),20.700000000000024,-0.6710042850046695,0.0
ENTRO-CORE (Exponential),20.800000000000026,-0.7041956106373995,0.0
ENTRO-CORE (Exponential),20.900000000000027,-0.7333024324575154,0.0
ENTRO-CORE (Exponential),21.00000000000003,-0.7578548200388902,0.0
ENTRO-CORE (Exponential),21.10000000000003,-0.7787716149611629,0.0
ENTRO-CORE (Exponential),21.20000000000003,-0.7949791371861421,0.0
ENTRO-CORE (Exponential),21.300000000000033,-0.806078648134421,0.0
ENTRO-CORE (Exponential),21.400000000000034,-0.8134615376916617,0.0
ENTRO-CORE (Exponential),21.500000000000036,-0.8158225112985348,0.0
ENTRO-CORE (Exponential),21.600000000000037,-0.8122057457690465,0.0041996723620528476
ENTRO-CORE (Exponential),21.70000000000004,-0.7987916251640383,0.5984751871832287
ENTRO-CORE (Exponential),21.80000000000004,-0.7759518098416461,0.5989080536595555
ENTRO-CORE (Exponential),21.90000000000004,-0.7441534411303423,0.5989080536595555
ENTRO-CORE (Exponential),22.000000000000043,-0.7050531073876241,0.5989080536595555
ENTRO-CORE (Exponential),22.100000000000044,-0.6582258530035319,0.5989080536595555
ENTRO-CORE (Exponential),22.200000000000045,-0.6030874359864742,0.5989080536595555
ENTRO-CORE (Exponential),22.300000000000047,-0.5407386339471829,0.5989080536595555
ENTRO-CORE (Exponential),22.40000000000005,-0.4712505009621947,0.5989080536595555
ENTRO-CORE (Exponential),22.50000000000005,-0.39550868257730504,0.5989080536595555
ENTRO-CORE (Exponential),22.60000000000005,-0.3141061269656056,0.5989080536595555
ENTRO-CORE (Exponential),22.700000000000053,-0.2273155591310912,0.5989080536595555
ENTRO-CORE (Exponential),22.800000000000054,-0.13655313779700873,0.5989080536595555
ENTRO-CORE (Exponential),22.900000000000055,-0.041636168638381904,0.5989080536595555
ENTRO-CORE (Exponential),23.000000000000057,0.056775582196464364,0.5989080536595555
ENTRO-CORE (Exponential),23.10000000000006,0.157347581518662,0.5998069676364545
ENTRO-CORE (Exponential),23.20000000000006,0.2593095431256326,0.6013892745104324
ENTRO-CORE (Exponential),23.30000000000006,0.36268639114471724,0.6029802378319821
ENTRO-CORE (Exponential),23.400000000000063,0.4685554951167466,0.6045795587128816
ENTRO-CORE (Exponential),23.500000000000064,0.5757605635001729,0.6062029924137788
ENTRO-CORE (Exponential),23.600000000000065,0.6835263644453906,0.6078319061496151
ENTRO-CORE (Exponential),23.700000000000067,0.7905720175691879,0.6094540263419455
ENTRO-CORE (Exponential),23.800000000000068,0.8926884385932525,0.2110500333590445
ENTRO-CORE (Exponential),23.90000000000007,0.9893185676853945,0.21255830532307768
ENTRO-CORE (Exponential),24.00000000000007,1.080785530553817,0.2139727071617703
ENTRO-CORE (Exponential),24.100000000000072,1.1665188789987828,0.21530001674232374
ENTRO-CORE (Exponential),24.200000000000074,1.2450539893633976,0.21653394627171946
ENTRO-CORE (Exponential),24.300000000000075,1.3175899380919587,0.21765563079918293
ENTRO-CORE (Exponential),24.400000000000077,1.3839996686965288,0.21868429308836101
ENTRO-CORE (Exponential),24.500000000000078,1.4434237926143334,0.219619902087547
ENTRO-CORE (Exponential),24.60000000000008,1.495677773395226,0.22045209597910864
ENTRO-CORE (Exponential),24.70000000000008,1.5413774750426432,0.221179980244328
ENTRO-CORE (Exponential),24.800000000000082,1.579926249390048,0.22181357957003484
ENTRO-CORE (Exponential),24.900000000000084,1.6117854793591708,0.22234587204474587
ENTRO-CORE (Exponential),25.000000000000085,1.6368746238869285,0.22278430072355704
ENTRO-CORE (Exponential),25.100000000000087,1.654989460542426,0.22312861348022084
ENTRO-CORE (Exponential),25.200000000000088,1.665939578616117,0.22337669392992643
ENTRO-CORE (Exponential),25.30000000000009,1.6715813076240784,0.2235264431607108
ENTRO-CORE (Exponential),25.40000000000009,1.6705424223557255,0.22359598871962622
ENTRO-CORE (Exponential),25.500000000000092,1.6613055944508088,0.0
ENTRO-CORE (Exponential),25.600000000000094,1.6439607403910783,0.0
ENTRO-CORE (Exponential),25.700000000000095,1.6189122028046063,0.0
ENTRO-CORE (Exponential),25.800000000000097,1.5857432692235078,0.0
ENTRO-CORE (Exponential),25.900000000000098,1.5451985117246922,0.0
ENTRO-CORE (Exponential),26.0000000000001,1.497490269958202,0.0
ENTRO-CORE (Exponential),26.1000000000001,1.4443112271013152,0.0
ENTRO-CORE (Exponential),26.200000000000102,1.3850957249826095,0.0
ENTRO-CORE (Exponential),26.300000000000104,1.3202989784556507,0.0
ENTRO-CORE (Exponential),26.400000000000105,1.2512909516782944,0.0
ENTRO-CORE (Exponential),26.500000000000107,1.1782708152038295,0.0
ENTRO-CORE (Exponential),26.600000000000108,1.1021917959582948,0.0
ENTRO-CORE (Exponential),26.70000000000011,1.0231698561943356,0.0
ENTRO-CORE (Exponential),26.80000000000011,0.9414187114085302,0.0
ENTRO-CORE (Exponential),26.900000000000112,0.8569712209607188,0.0
ENTRO-CORE (Exponential),27.000000000000114,0.7715366630214229,0.0
ENTRO-CORE (Exponential),27.100000000000115,0.6847181168013761,0.0
ENTRO-CORE (Exponential),27.200000000000117,0.5966350520523218,0.0
ENTRO-CORE (Exponential),27.300000000000118,0.5081059073527986,0.0
ENTRO-CORE (Exponential),27.40000000000012,0.41959246070061523,0.0
ENTRO-CORE (Exponential),27.50000000000012,0.33242073340618766,0.00545400281175909
ENTRO-CORE (Exponential),27.600000000000122,0.2474571805208569,0.004112765373061766
ENTRO-CORE (Exponential),27.700000000000124,0.16371002333325008,0.0027959898049971788
ENTRO-CORE (Exponential),27.800000000000125,0.08215733307213369,0.0014889439679708905
ENTRO-CORE (Exponential),27.900000000000126,0.0022449854695741067,0.00020751615558578518
ENTRO-CORE (Exponential),28.000000000000128,-0.07540620812007473,0.0
ENTRO-CORE (Exponential),28.10000000000013,-0.15071749367926082,0.0
ENTRO-CORE (Exponential),28.20000000000013,-0.22296499648774915,0.0
ENTRO-CORE (Exponential),28.300000000000132,-0.2916299990740452,0.0
ENTRO-CORE (Exponential),28.400000000000134,-0.3566829683365509,0.0
ENTRO-CORE (Exponential),28.500000000000135,-0.4181906282162943,0.0
ENTRO-CORE (Exponential),28.600000000000136,-0.4757897721182541,0.0
ENTRO-CORE (Exponential),28.700000000000138,-0.5296481649816855,0.0
ENTRO-CORE (Exponential),28.80000000000014,-0.5789875083445934,0.0
ENTRO-CORE (Exponential),28.90000000000014,-0.6241484634492941,0.0
ENTRO-CORE (Exponential),29.000000000000142,-0.6647170370791001,0.0
ENTRO-CORE (Exponential),29.100000000000144,-0.7002690047619391,0.0
ENTRO-CORE (Exponential),29.200000000000145,-0.7315607860384946,0.0
ENTRO-CORE (Exponential),29.300000000000146,-0.7575172023134031,0.0
ENTRO-CORE (Exponential),29.400000000000148,-0.7800579127162856,0.0
ENTRO-CORE (Exponential),29.50000000000015,-0.7983390709380994,0.0
ENTRO-CORE (Exponential),29.60000000000015,-0.8116051013288442,0.0
ENTRO-CORE (Exponential),29.700000000000152,-0.8205793399864384,0.0
ENTRO-CORE (Exponential),29.800000000000153,-0.8256825166625653,0.0
ENTRO-CORE (Exponential),29.900000000000155,-0.8267651505181588,0.0
ENTRO-CORE (Exponential),30.000000000000156,-0.8223032725931573,0.06065591943074275
ENTRO-CORE (Quadratic),0.1,1.016012140577668,0.11412828753276745
ENTRO-CORE (Quadratic),0.2,1.0299091794254471,0.4143612242680048
ENTRO-CORE (Quadratic),0.30000000000000004,1.040045535137544,0.21456311509175374
ENTRO-CORE (Quadratic),0.4,1.0470099263703116,0.2147102083991208
ENTRO-CORE (Quadratic),0.5,1.0501702683631058,0.2148106575954964
ENTRO-CORE (Quadratic),0.6,1.0500866858123028,0.213779706939487
ENTRO-CORE (Quadratic),0.7,1.0448447755525998,0.0
ENTRO-CORE (Quadratic),0.7999999999999999,1.0341203491152895,0.0
ENTRO-CORE (Quadratic),0.8999999999999999,1.0178925350432924,0.0
ENTRO-CORE (Quadratic),0.9999999999999999,0.9971590365888632,0.0
ENTRO-CORE (Quadratic),1.0999999999999999,0.9725583727568902,0.0
ENTRO-CORE (Quadratic),1.2,0.9435094461608181,0.0
ENTRO-CORE (Quadratic),1.3,0.9104476061399264,0.0
ENTRO-CORE (Quadratic),1.4000000000000001,0.8746482191692531,0.0
ENTRO-CORE (Quadratic),1.5000000000000002,0.8352701278289295,0.0
ENTRO-CORE (Quadratic),1.6000000000000003,0.7926399502581447,0.0
ENTRO-CORE (Quadratic),1.7000000000000004,0.748527537929342,0.0
ENTRO-CORE (Quadratic),1.8000000000000005,0.7012303189843199,0.0
ENTRO-CORE (Quadratic),1.9000000000000006,0.6522440979328735,0.0
ENTRO-CORE (Quadratic),2.0000000000000004,0.6004644187647306,0.0
ENTRO-CORE (Quadratic),2.1000000000000005,0.5469373265037654,0.0
ENTRO-CORE (Quadratic),2.2000000000000006,0.49303320081935126,0.0
ENTRO-CORE (Quadratic),2.3000000000000007,0.4388917511079111,0.0
ENTRO-CORE (Quadratic),2.400000000000001,0.38372952605707694,0.0
ENTRO-CORE (Quadratic),2.500000000000001,0.3280766707624201,0.0
ENTRO-CORE (Quadratic),2.600000000000001,0.2724931342939962,0.0
ENTRO-CORE (Quadratic),2.700000000000001,0.21661743631951996,0.003184972022718474
ENTRO-CORE (Quadratic),2.800000000000001,0.16161103210521094,0.0
ENTRO-CORE (Quadratic),2.9000000000000012,0.10857511419502366,0.001456069218342515
ENTRO-CORE (Quadratic),3.0000000000000013,0.05591601293957227,0.000623543518102343
ENTRO-CORE (Quadratic),3.1000000000000014,0.003566338117309914,0.0
ENTRO-CORE (Quadratic),3.2000000000000015,-0.04708655627808058,0.0
ENTRO-CORE (Quadratic),3.3000000000000016,-0.09604399271576125,0.0
ENTRO-CORE (Quadratic),3.4000000000000017,-0.14215032113077292,0.0
ENTRO-CORE (Quadratic),3.5000000000000018,-0.18624288917720888,0.0
ENTRO-CORE (Quadratic),3.600000000000002,-0.22810679559319008,0.0
ENTRO-CORE (Quadratic),3.700000000000002,-0.2676696877835265,0.0
ENTRO-CORE (Quadratic),3.800000000000002,-0.3052026478884094,0.0
ENTRO-CORE (Quadratic),3.900000000000002,-0.33974709095869104,0.0
ENTRO-CORE (Quadratic),4.000000000000002,-0.37221850651430677,0.0
ENTRO-CORE (Quadratic),4.100000000000001,-0.4012714420015632,0.0
ENTRO-CORE (Quadratic),4.200000000000001,-0.42744224412444315,0.0
ENTRO-CORE (Quadratic),4.300000000000001,-0.4504388959348252,0.0
ENTRO-CORE (Quadratic),4.4,-0.47076983605978207,0.0
ENTRO-CORE (Quadratic),4.5,-0.48859709563460807,0.0
ENTRO-CORE (Quadratic),4.6,-0.5025464202637956,0.0
ENTRO-CORE (Quadratic),4.699999999999999,-0.5133302581616621,0.0
ENTRO-CORE (Quadratic),4.799999999999999,-0.5206204280421016,0.0
ENTRO-CORE (Quadratic),4.899999999999999,-0.5249952292370176,0.0
ENTRO-CORE (Quadratic),4.999999999999998,-0.525308006486273,0.0
ENTRO-CORE (Quadratic),5.099999999999998,-0.5207259144691213,0.2080195892315827
ENTRO-CORE (Quadratic),5.1999999999999975,-0.5082041057705212,0.5988452271885489
ENTRO-CORE (Quadratic),5.299999999999997,-0.48714359571895394,0.5989080536595555
ENTRO-CORE (Quadratic),5.399999999999997,-0.45807745289581453,0.5989080536595555
ENTRO-CORE (Quadratic),5.4999999999999964,-0.42276440154304096,0.5989080536595555
ENTRO-CORE (Quadratic),5.599999999999996,-0.38046579130107044,0.5989080536595555
ENTRO-CORE (Quadratic),5.699999999999996,-0.33105463036266614,0.5989080536595555
ENTRO-CORE (Quadratic),5.799999999999995,-0.2750808680439467,0.5989080536595555
ENTRO-CORE (Quadratic),5.899999999999995,-0.21359155142213004,0.5989080536595555
ENTRO-CORE (Quadratic),5.999999999999995,-0.14749618811278525,0.5989080536595555
ENTRO-CORE (Quadratic),6.099999999999994,-0.07641147745090762,0.5989080536595555
ENTRO-CORE (Quadratic),6.199999999999994,-0.0016610841579555863,0.5989080536595555
ENTRO-CORE (Quadratic),6.299999999999994,0.07750652262479844,0.5989080536595555
ENTRO-CORE (Quadratic),6.399999999999993,0.1597597766271454,0.6001341809497909
ENTRO-CORE (Quadratic),6.499999999999993,0.2442984952984757,0.6014270673926543
ENTRO-CORE (Quadratic),6.5999999999999925,0.33082319550793216,0.6027468534755314
ENTRO-CORE (Quadratic),6.699999999999992,0.4187334752318589,0.6040880904826108
ENTRO-CORE (Quadratic),6.799999999999992,0.5076868288546954,0.6054408323029048
ENTRO-CORE (Quadratic),6.8999999999999915,0.5971329489103702,0.60679932376988
ENTRO-CORE (Quadratic),6.999999999999991,0.6868020646813727,0.6081548323233427
ENTRO-CORE (Quadratic),7.099999999999991,0.7765616124232869,0.6095030917830306
ENTRO-CORE (Quadratic),7.19999999999999,0.8661524303127976,0.6108420105572011
ENTRO-CORE (Quadratic),7.29999999999999,0.9502913169238293,0.2121677047033988
ENTRO-CORE (Quadratic),7.39999999999999,1.028812840969019,0.21340295868910897
ENTRO-CORE (Quadratic),7.499999999999989,1.1017655508070898,0.2145471973732897
ENTRO-CORE (Quadratic),7.599999999999989,1.169208753241758,0.21560288493790952
ENTRO-CORE (Quadratic),7.699999999999989,1.2309972055361382,0.2165725013096096
ENTRO-CORE (Quadratic),7.799999999999988,1.2859295821765404,0.21745547069689009
ENTRO-CORE (Quadratic),7.899999999999988,1.3358187149908909,0.21823617086962477
ENTRO-CORE (Quadratic),7.999999999999988,1.3792764001914384,0.21894169547581188
ENTRO-CORE (Quadratic),8.099999999999987,1.4176380028007378,0.2195535534910209
ENTRO-CORE (Quadratic),8.199999999999987,1.4492853554418592,0.22009156328079826
ENTRO-CORE (Quadratic),8.299999999999986,1.4744601141760874,0.22053392751065437
ENTRO-CORE (Quadratic),8.399999999999986,1.493590460732436,0.22088486324202128
ENTRO-CORE (Quadratic),8.499999999999986,1.5067791167756908,0.22115097439113274
ENTRO-CORE (Quadratic),8.599999999999985,1.5138657698908449,0.22133414983410904
ENTRO-CORE (Quadratic),8.699999999999985,1.5157522627716644,0.22143206129541404
ENTRO-CORE (Quadratic),8.799999999999985,1.5111821671163603,0.20797846210212223
ENTRO-CORE (Quadratic),8.899999999999984,1.4997207923600362,0.0
ENTRO-CORE (Quadratic),8.999999999999984,1.4806956683860522,0.0
ENTRO-CORE (Quadratic),9.099999999999984,1.4554636196166202,0.0
ENTRO-CORE (Quadratic),9.199999999999983,1.4235068569040985,0.0
ENTRO-CORE (Quadratic),9.299999999999983,1.3846917345125205,0.0
ENTRO-CORE (Quadratic),9.399999999999983,1.3403421644693227,0.0
ENTRO-CORE (Quadratic),9.499999999999982,1.2917364562088316,0.0
ENTRO-CORE (Quadratic),9.599999999999982,1.238104013423986,0.0
ENTRO-CORE (Quadratic),9.699999999999982,1.1799457663232062,0.0
ENTRO-CORE (Quadratic),9.799999999999981,1.1174328507602458,0.0
ENTRO-CORE (Quadratic),9.89999999999998,1.0507698942928339,0.0
ENTRO-CORE (Quadratic),9.99999999999998,0.9804773138212135,0.0
ENTRO-CORE (Quadratic),10.09999999999998,0.9067307660909683,0.0
ENTRO-CORE (Quadratic),10.19999999999998,0.8299584451265147,0.0
ENTRO-CORE (Quadratic),10.29999999999998,0.751374970573859,0.0
ENTRO-CORE (Quadratic),10.399999999999979,0.6722021711192661,0.0
ENTRO-CORE (Quadratic),10.499999999999979,0.5923050926085608,0.0
ENTRO-CORE (Quadratic),10.599999999999978,0.5120802948963513,0.0
ENTRO-CORE (Quadratic),10.699999999999978,0.43182614073885317,0.0
ENTRO-CORE (Quadratic),10.799999999999978,0.35138841076237454,0.0
ENTRO-CORE (Quadratic),10.899999999999977,0.2716995272216911,0.0
ENTRO-CORE (Quadratic),10.999999999999977,0.19286374858301242,0.003172654234519512
ENTRO-CORE (Quadratic),11.099999999999977,0.11591695205758039,0.0019449705402208584
ENTRO-CORE (Quadratic),11.199999999999976,0.04132147975966649,0.0007390052116385548
ENTRO-CORE (Quadratic),11.299999999999976,-0.030615865165789347,0.0
ENTRO-CORE (Quadratic),11.399999999999975,-0.10005888749389265,0.0
ENTRO-CORE (Quadratic),11.499999999999975,-0.1663964466796281,0.0
ENTRO-CORE (Quadratic),11.599999999999975,-0.23024301707079253,0.0
ENTRO-CORE (Quadratic),11.699999999999974,-0.29107211101806896,0.0
ENTRO-CORE (Quadratic),11.799999999999974,-0.34872640162029594,0.0
ENTRO-CORE (Quadratic),11.899999999999974,-0.4033589348446908,0.0
ENTRO-CORE (Quadratic),11.999999999999973,-0.4548478268348781,0.0
ENTRO-CORE (Quadratic),12.099999999999973,-0.5029602942131602,0.0
ENTRO-CORE (Quadratic),12.199999999999973,-0.5473433890254535,0.0
ENTRO-CORE (Quadratic),12.299999999999972,-0.5886197606496469,0.0
ENTRO-CORE (Quadratic),12.399999999999972,-0.6246926654930043,0.0
ENTRO-CORE (Quadratic),12.499999999999972,-0.6564580617899684,0.0
ENTRO-CORE (Quadratic),12.599999999999971,-0.6839645006485435,0.0
ENTRO-CORE (Quadratic),12.69999999999997,-0.7069156707120734,0.0
ENTRO-CORE (Quadratic),12.79999999999997,-0.7257212474277188,0.0
ENTRO-CORE (Quadratic),12.89999999999997,-0.7400892368465826,0.0
ENTRO-CORE (Quadratic),12.99999999999997,-0.750084302200662,0.0
ENTRO-CORE (Quadratic),13.09999999999997,-0.7556605689033907,0.0
ENTRO-CORE (Quadratic),13.199999999999969,-0.7584076025684997,0.0
ENTRO-CORE (Quadratic),13.299999999999969,-0.7567453991524483,0.0013646091630004353
ENTRO-CORE (Quadratic),13.399999999999968,-0.7454936004527863,0.5780620649046347
ENTRO-CORE (Quadratic),13.499999999999968,-0.7245511194249482,0.5989080536595555
ENTRO-CORE (Quadratic),13.599999999999968,-0.6943941023079564,0.5989080536595555
ENTRO-CORE (Quadratic),13.699999999999967,-0.6555492466299382,0.5989080536595555
ENTRO-CORE (Quadratic),13.799999999999967,-0.6078935110377097,0.5989080536595555
ENTRO-CORE (Quadratic),13.899999999999967,-0.5528247038613359,0.5989080536595555
ENTRO-CORE (Quadratic),13.999999999999966,-0.4904000097943846,0.5989080536595555
ENTRO-CORE (Quadratic),14.099999999999966,-0.4215486693886224,0.5989080536595555
ENTRO-CORE (Quadratic),14.199999999999966,-0.3466692834048562,0.5989080536595555
ENTRO-CORE (Quadratic),14.299999999999965,-0.26511317669402595,0.5989080536595555
ENTRO-CORE (Quadratic),14.399999999999965,-0.1778061015856532,0.5989080536595555
ENTRO-CORE (Quadratic),14.499999999999964,-0.08609271056531274,0.5989080536595555
ENTRO-CORE (Quadratic),14.599999999999964,0.009736354203771017,0.5989080536595555
ENTRO-CORE (Quadratic),14.699999999999964,0.10852237435402205,0.5990624953565014
ENTRO-CORE (Quadratic),14.799999999999963,0.20886029259881925,0.600622711381352
ENTRO-CORE (Quadratic),14.899999999999963,0.31143128354044625,0.6021947245778607
ENTRO-CORE (Quadratic),14.999999999999963,0.4152565606075894,0.60378833668414
ENTRO-CORE (Quadratic),15.099999999999962,0.519335792547569,0.6053875221882352
ENTRO-CORE (Quadratic),15.199999999999962,0.6226133002928504,0.6069764556351636
ENTRO-CORE (Quadratic),15.299999999999962,0.72246628779987,0.20853903936026874
ENTRO-CORE (Quadratic),15.399999999999961,0.818079564245974,0.21003637083382737
ENTRO-CORE (Quadratic),15.499999999999961,0.9091069105092513,0.21145769327678765
ENTRO-CORE (Quadratic),15.59999999999996,0.994608008679136,0.21279950798089053
ENTRO-CORE (Quadratic),15.69999999999996,1.0747086211748487,0.21404976939055315
ENTRO-CORE (Quadratic),15.79999999999996,1.1498586946798282,0.21521218013823618
ENTRO-CORE (Quadratic),15.89999999999996,1.218878097783522,0.21629493322463422
ENTRO-CORE (Quadratic),15.99999999999996,1.2820152577569452,0.21728268945478496
ENTRO-CORE (Quadratic),16.09999999999996,1.3385246208244301,0.21818067411978592
ENTRO-CORE (Quadratic),16.19999999999996,1.3889269518818665,0.21897986675501524
ENTRO-CORE (Quadratic),16.29999999999996,1.4325287611020248,0.2196890847268813
ENTRO-CORE (Quadratic),16.399999999999963,1.4696121053150517,0.22029987178536548
ENTRO-CORE (Quadratic),16.499999999999964,1.500266071185493,0.2208173478460888
ENTRO-CORE (Quadratic),16.599999999999966,1.5251469528029649,0.22124372002652765
ENTRO-CORE (Quadratic),16.699999999999967,1.544070482909314,0.22158887176412823
ENTRO-CORE (Quadratic),16.79999999999997,1.5566005901155449,0.22185082968705983
ENTRO-CORE (Quadratic),16.89999999999997,1.5631185943969994,0.2220240211007199
ENTRO-CORE (Quadratic),16.99999999999997,1.563817196212316,0.22211272343259636
ENTRO-CORE (Quadratic),17.099999999999973,1.5576834901565062,0.10316753871873013
ENTRO-CORE (Quadratic),17.199999999999974,1.5434936028357926,0.0
ENTRO-CORE (Quadratic),17.299999999999976,1.5224013590307477,0.0
ENTRO-CORE (Quadratic),17.399999999999977,1.4944448615965247,0.0
ENTRO-CORE (Quadratic),17.49999999999998,1.459931495373215,0.0
ENTRO-CORE (Quadratic),17.59999999999998,1.4203885000707523,0.0
ENTRO-CORE (Quadratic),17.69999999999998,1.3746830409709792,0.0
ENTRO-CORE (Quadratic),17.799999999999983,1.3238052352899365,0.0
ENTRO-CORE (Quadratic),17.899999999999984,1.2670671640376672,0.0
ENTRO-CORE (Quadratic),17.999999999999986,1.206633275734702,0.0
ENTRO-CORE (Quadratic),18.099999999999987,1.1415144906438492,0.0
ENTRO-CORE (Quadratic),18.19999999999999,1.0721228314499003,0.0
ENTRO-CORE (Quadratic),18.29999999999999,0.9993460993558766,0.0
ENTRO-CORE (Quadratic),18.39999999999999,0.923271949750604,0.0
ENTRO-CORE (Quadratic),18.499999999999993,0.8442406980335574,0.0
ENTRO-CORE (Quadratic),18.599999999999994,0.7637306835214427,0.0
ENTRO-CORE (Quadratic),18.699999999999996,0.6821440856716285,0.0
ENTRO-CORE (Quadratic),18.799999999999997,0.5995974948871823,0.0
ENTRO-CORE (Quadratic),18.9,0.5163422124831231,0.0
ENTRO-CORE (Quadratic),19.0,0.43332198127191657,0.0
ENTRO-CORE (Quadratic),19.1,0.3503653686946323,0.005664341780946158
ENTRO-CORE (Quadratic),19.200000000000003,0.2678188142796122,0.004389674575040248
ENTRO-CORE (Quadratic),19.300000000000004,0.1869000740850449,0.0031124089110966535
ENTRO-CORE (Quadratic),19.400000000000006,0.10703596359310497,0.0018517746346277675
ENTRO-CORE (Quadratic),19.500000000000007,0.02860294200019313,0.0005993293069421479
ENTRO-CORE (Quadratic),19.60000000000001,-0.04736026421496173,0.0
ENTRO-CORE (Quadratic),19.70000000000001,-0.1209628912118447,0.0
ENTRO-CORE (Quadratic),19.80000000000001,-0.1922493898804014,0.0
ENTRO-CORE (Quadratic),19.900000000000013,-0.2605171672012898,0.0
ENTRO-CORE (Quadratic),20.000000000000014,-0.3255661360859057,0.0
ENTRO-CORE (Quadratic),20.100000000000016,-0.3874005332372768,0.0
ENTRO-CORE (Quadratic),20.200000000000017,-0.44531249662834504,0.0
ENTRO-CORE (Quadratic),20.30000000000002,-0.49892496098994416,0.0
ENTRO-CORE (Quadratic),20.40000000000002,-0.547922251057092,0.0
ENTRO-CORE (Quadratic),20.50000000000002,-0.5933498992509046,0.0
ENTRO-CORE (Quadratic),20.600000000000023,-0.6343966598612092,0.0
ENTRO-CORE (Quadratic),20.700000000000024,-0.6710042850046695,0.0
ENTRO-CORE (Quadratic),20.800000000000026,-0.7041956106373995,0.0
ENTRO-CORE (Quadratic),20.900000000000027,-0.7333024324575154,0.0
ENTRO-CORE (Quadratic),21.00000000000003,-0.7578548200388902,0.0
ENTRO-CORE (Quadratic),21.10000000000003,-0.7787716149611629,0.0
ENTRO-CORE (Quadratic),21.20000000000003,-0.7949791371861421,0.0
ENTRO-CORE (Quadratic),21.300000000000033,-0.806078648134421,0.0
ENTRO-CORE (Quadratic),21.400000000000034,-0.8134615376916617,0.0
ENTRO-CORE (Quadratic),21.500000000000036,-0.8158225112985348,0.0
ENTRO-CORE (Quadratic),21.600000000000037,-0.8122057457690465,0.0041996723620528476
ENTRO-CORE (Quadratic),21.70000000000004,-0.7987916251640383,0.5984751871832287
ENTRO-CORE (Quadratic),21.80000000000004,-0.7759518098416461,0.5989080536595555
ENTRO-CORE (Quadratic),21.90000000000004,-0.7441534411303423,0.5989080536595555
ENTRO-CORE (Quadratic),22.000000000000043,-0.7050531073876241,0.5989080536595555
ENTRO-CORE (Quadratic),22.100000000000044,-0.6582258530035319,0.5989080536595555
ENTRO-CORE (Quadratic),22.200000000000045,-0.6030874359864742,0.5989080536595555
ENTRO-CORE (Quadratic),22.300000000000047,-0.5407386339471829,0.5989080536595555
ENTRO-CORE (Quadratic),22.40000000000005,-0.4712505009621947,0.5989080536595555
ENTRO-CORE (Quadratic),22.50000000000005,-0.39550868257730504,0.5989080536595555
ENTRO-CORE (Quadratic),22.60000000000005,-0.3141061269656056,0.5989080536595555
ENTRO-CORE (Quadratic),22.700000000000053,-0.2273155591310912,0.5989080536595555
ENTRO-CORE (Quadratic),22.800000000000054,-0.13655313779700873,0.5989080536595555
ENTRO-CORE (Quadratic),22.900000000000055,-0.041636168638381904,0.5989080536595555
ENTRO-CORE (Quadratic),23.000000000000057,0.056775582196464364,0.5989080536595555
ENTRO-CORE (Quadratic),23.10000000000006,0.157347581518662,0.5998069676364545
ENTRO-CORE (Quadratic),23.20000000000006,0.2593095431256326,0.6013892745104324
ENTRO-CORE (Quadratic),23.30000000000006,0.36268639114471724,0.6029802378319821
ENTRO-CORE (Quadratic),23.400000000000063,0.4685554951167466,0.6045795587128816
ENTRO-CORE (Quadratic),23.500000000000064,0.5757605635001729,0.6062029924137788
ENTRO-CORE (Quadratic),23.600000000000065,0.6835263644453906,0.6078319061496151
ENTRO-CORE (Quadratic),23.700000000000067,0.7905720175691879,0.6094540263419455
ENTRO-CORE (Quadratic),23.800000000000068,0.8926884385932525,0.2110500333590445
ENTRO-CORE (Quadratic),23.90000000000007,0.9893185676853945,0.21255830532307768
ENTRO-CORE (Quadratic),24.00000000000007,1.080785530553817,0.2139727071617703
ENTRO-CORE (Quadratic),24.100000000000072,1.1665188789987828,0.21530001674232374
ENTRO-CORE (Quadratic),24.200000000000074,1.2450539893633976,0.21653394627171946
ENTRO-CORE (Quadratic),24.300000000000075,1.3175899380919587,0.21765563079918293
ENTRO-CORE (Quadratic),24.400000000000077,1.3839996686965288,0.21868429308836101
ENTRO-CORE (Quadratic),24.500000000000078,1.4434237926143334,0.219619902087547
ENTRO-CORE (Quadratic),24.60000000000008,1.495677773395226,0.22045209597910864
ENTRO-CORE (Quadratic),24.70000000000008,1.5413774750426432,0.221179980244328
ENTRO-CORE (Quadratic),24.800000000000082,1.579926249390048,0.22181357957003484
ENTRO-CORE (Quadratic),24.900000000000084,1.6117854793591708,0.22234587204474587
ENTRO-CORE (Quadratic),25.000000000000085,1.6368746238869285,0.22278430072355704
ENTRO-CORE (Quadratic),25.100000000000087,1.654989460542426,0.22312861348022084
ENTRO-CORE (Quadratic),25.200000000000088,1.665939578616117,0.22337669392992643
ENTRO-CORE (Quadratic),25.30000000000009,1.6715813076240784,0.2235264431607108
ENTRO-CORE (Quadratic),25.40000000000009,1.6705424223557255,0.22359598871962622
ENTRO-CORE (Quadratic),25.500000000000092,1.6613055944508088,0.0
ENTRO-CORE (Quadratic),25.600000000000094,1.6439607403910783,0.0
ENTRO-CORE (Quadratic),25.700000000000095,1.6189122028046063,0.0
ENTRO-CORE (Quadratic),25.800000000000097,1.5857432692235078,0.0
ENTRO-CORE (Quadratic),25.900000000000098,1.5451985117246922,0.0
ENTRO-CORE (Quadratic),26.0000000000001,1.497490269958202,0.0
ENTRO-CORE (Quadratic),26.1000000000001,1.4443112271013152,0.0
ENTRO-CORE (Quadratic),26.200000000000102,1.3850957249826095,0.0
ENTRO-CORE (Quadratic),26.300000000000104,1.3202989784556507,0.0
ENTRO-CORE (Quadratic),26.400000000000105,1.2512909516782944,0.0
ENTRO-CORE (Quadratic),26.500000000000107,1.1782708152038295,0.0
ENTRO-CORE (Quadratic),26.600000000000108,1.1021917959582948,0.0
ENTRO-CORE (Quadratic),26.70000000000011,1.0231698561943356,0.0
ENTRO-CORE (Quadratic),26.80000000000011,0.9414187114085302,0.0
ENTRO-CORE (Quadratic),26.900000000000112,0.8569712209607188,0.0
ENTRO-CORE (Quadratic),27.000000000000114,0.7715366630214229,0.0
ENTRO-CORE (Quadratic),27.100000000000115,0.6847181168013761,0.0
ENTRO-CORE (Quadratic),27.200000000000117,0.5966350520523218,0.0
ENTRO-CORE (Quadratic),27.300000000000118,0.5081059073527986,0.0
ENTRO-CORE (Quadratic),27.40000000000012,0.41959246070061523,0.0
ENTRO-CORE (Quadratic),27.50000000000012,0.33242073340618766,0.00545400281175909
ENTRO-CORE (Quadratic),27.600000000000122,0.2474571805208569,0.004112765373061766
ENTRO-CORE (Quadratic),27.700000000000124,0.16371002333325008,0.0027959898049971788
ENTRO-CORE (Quadratic),27.800000000000125,0.08215733307213369,0.0014889439679708905
ENTRO-CORE (Quadratic),27.900000000000126,0.0022449854695741067,0.00020751615558578518
ENTRO-CORE (Quadratic),28.000000000000128,-0.07540620812007473,0.0
ENTRO-CORE (Quadratic),28.10000000000013,-0.15071749367926082,0.0
ENTRO-CORE (Quadratic),28.20000000000013,-0.22296499648774915,0.0
ENTRO-CORE (Quadratic),28.300000000000132,-0.2916299990740452,0.0
ENTRO-CORE (Quadratic),28.400000000000134,-0.3566829683365509,0.0
ENTRO-CORE (Quadratic),28.500000000000135,-0.4181906282162943,0.0
ENTRO-CORE (Quadratic),28.600000000000136,-0.4757897721182541,0.0
ENTRO-CORE (Quadratic),28.700000000000138,-0.5296481649816855,0.0
ENTRO-CORE (Quadratic),28.80000000000014,-0.5789875083445934,0.0
ENTRO-CORE (Quadratic),28.90000000000014,-0.6241484634492941,0.0
ENTRO-CORE (Quadratic),29.000000000000142,-0.6647170370791001,0.0
ENTRO-CORE (Quadratic),29.100000000000144,-0.7002690047619391,0.0
ENTRO-CORE (Quadratic),29.200000000000145,-0.7315607860384946,0.0
ENTRO-CORE (Quadratic),29.300000000000146,-0.7575172023134031,0.0
ENTRO-CORE (Quadratic),29.400000000000148,-0.7800579127162856,0.0
ENTRO-CORE (Quadratic),29.50000000000015,-0.7983390709380994,0.0
ENTRO-CORE (Quadratic),29.60000000000015,-0.8116051013288442,0.0
ENTRO-CORE (Quadratic),29.700000000000152,-0.8205793399864384,0.0
ENTRO-CORE (Quadratic),29.800000000000153,-0.8256825166625653,0.0
ENTRO-CORE (Quadratic),29.900000000000155,-0.8267651505181588,0.0
ENTRO-CORE (Quadratic),30.000000000000156,-0.8223032725931573,0.06065591943074275
